{"timestamp":"2025-10-27 15:46:02","level":"info","message":"OPTIONS /api/buyer/get 204 1.257 ms - 0"}
{"timestamp":"2025-10-27 15:46:04","level":"info","message":"GET /api/products/product/42 304 1600.740 ms - -"}
{"timestamp":"2025-10-27 15:46:04","level":"info","message":"OPTIONS /api/cart/in-cart/42 204 0.432 ms - 0"}
{"timestamp":"2025-10-27 15:46:04","level":"info","message":"GET /api/cart/in-cart/42 200 291.575 ms - 31"}
{"timestamp":"2025-10-27 15:46:05","level":"info","message":"GET /api/buyer/get 200 2841.800 ms - 64"}
{"timestamp":"2025-10-27 15:46:12","level":"info","message":"OPTIONS /api/orders/order/item/track/89 204 0.508 ms - 0"}
{"timestamp":"2025-10-27 15:46:12","level":"info","message":"GET /api/orders/order/item/track/89 304 550.117 ms - -"}
{"timestamp":"2025-10-27 15:46:14","level":"info","message":"OPTIONS /api/orders/all 204 0.359 ms - 0"}
{"timestamp":"2025-10-27 15:46:14","level":"info","message":"GET /api/orders/updates/buyer/eyJhbGciOiJIUzI1NiIsInR5cCI6IkpXVCJ9.eyJyb2xlIjoiYnV5ZXIiLCJpZCI6MTksImlhdCI6MTc2MTU1MTU0NiwiZXhwIjoxNzYyMTU2MzQ2fQ.ifPeJXVkXiE9EcLFtpZy3x81LlOSXds-2l9OS8ylZxw 200 3.243 ms - -"}
{"timestamp":"2025-10-27 15:46:15","level":"info","message":"GET /api/orders/all 304 569.312 ms - -"}
{"timestamp":"2025-10-27 15:46:25","level":"info","message":"OPTIONS /api/orders/order/item/track/89 204 0.379 ms - 0"}
{"timestamp":"2025-10-27 15:46:26","level":"info","message":"GET /api/orders/order/item/track/89 304 628.005 ms - -"}
{"timestamp":"2025-10-27 15:46:27","level":"info","message":"GET /api/orders/updates/buyer/eyJhbGciOiJIUzI1NiIsInR5cCI6IkpXVCJ9.eyJyb2xlIjoiYnV5ZXIiLCJpZCI6MTksImlhdCI6MTc2MTU1MTU0NiwiZXhwIjoxNzYyMTU2MzQ2fQ.ifPeJXVkXiE9EcLFtpZy3x81LlOSXds-2l9OS8ylZxw 200 3.156 ms - -"}
{"timestamp":"2025-10-27 15:46:28","level":"info","message":"GET /api/products/product/42 304 619.663 ms - -"}
{"timestamp":"2025-10-27 15:46:28","level":"info","message":"OPTIONS /api/cart/in-cart/42 204 5.693 ms - 0"}
{"timestamp":"2025-10-27 15:46:28","level":"info","message":"GET /api/cart/in-cart/42 304 318.032 ms - -"}
{"timestamp":"2025-10-27 15:46:34","level":"info","message":"OPTIONS /api/notifications/check/vendor 204 0.192 ms - 0"}
{"timestamp":"2025-10-27 15:46:34","level":"info","message":"GET /api/notifications/check/vendor 304 310.061 ms - -"}
{"timestamp":"2025-10-27 15:46:56","level":"info","message":"OPTIONS /api/vendor/login 204 0.304 ms - 0"}
{"timestamp":"2025-10-27 15:46:57","level":"info","message":"POST /api/vendor/login 404 385.092 ms - 31"}
{"timestamp":"2025-10-27 15:47:09","level":"info","message":"OPTIONS /api/vendor/login 204 2.007 ms - 0"}
{"timestamp":"2025-10-27 15:47:09","level":"info","message":"POST /api/vendor/login 401 532.653 ms - 31"}
{"timestamp":"2025-10-27 15:47:29","level":"info","message":"OPTIONS /api/vendor/login 204 0.817 ms - 0"}
{"timestamp":"2025-10-27 15:47:30","level":"info","message":"POST /api/vendor/login 401 631.184 ms - 31"}
{"timestamp":"2025-10-27 15:47:39","level":"info","message":"OPTIONS /api/vendor/login 204 0.230 ms - 0"}
{"timestamp":"2025-10-27 15:47:39","level":"info","message":"POST /api/vendor/login 404 328.170 ms - 31"}
{"timestamp":"2025-10-27 15:48:11","level":"info","message":"POST /ps/reset 500 711.316 ms - 1213"}
{"timestamp":"2025-10-27 15:48:52","level":"info","message":"POST /ps/reset 500 533.809 ms - 1213"}
{"timestamp":"2025-10-27 15:49:20","level":"info","message":"POST /ps/reset 200 1585.131 ms - 39"}
{"timestamp":"2025-10-27 15:49:28","level":"info","message":"OPTIONS /api/vendor/login 204 1.672 ms - 0"}
{"timestamp":"2025-10-27 15:49:28","level":"info","message":"POST /api/vendor/login 404 382.804 ms - 31"}
{"timestamp":"2025-10-27 15:49:35","level":"info","message":"OPTIONS /api/vendor/login 204 1.347 ms - 0"}
{"timestamp":"2025-10-27 15:49:36","level":"info","message":"POST /api/vendor/login 401 793.846 ms - 31"}
{"timestamp":"2025-10-27 15:49:45","level":"info","message":"OPTIONS /api/vendor/login 204 0.426 ms - 0"}
{"timestamp":"2025-10-27 15:49:45","level":"info","message":"POST /api/vendor/login 200 469.815 ms - 278"}
{"timestamp":"2025-10-27 15:49:50","level":"info","message":"OPTIONS /api/orders/vendor 204 0.581 ms - 0"}
{"timestamp":"2025-10-27 15:49:51","level":"info","message":"GET /api/orders/vendor 200 716.858 ms - 17488"}
{"timestamp":"2025-10-27 15:50:11","level":"info","message":"OPTIONS /api/orders/order/update/item/status 204 0.796 ms - 0"}
{"timestamp":"2025-10-27 15:50:12","level":"error","message":"existingNotification is not iterable"}
{"timestamp":"2025-10-27 15:50:12","level":"info","message":"PUT /api/orders/order/update/item/status 500 1601.518 ms - 48"}
{"timestamp":"2025-10-27 15:51:13","level":"info","message":"GET /api/orders/updates/vendor/eyJhbGciOiJIUzI1NiIsInR5cCI6IkpXVCJ9.eyJyb2xlIjoidmVuZG9yIiwiaWQiOjUsImlhdCI6MTc2MTU2MDM4NSwiZXhwIjoxNzYyMTY1MTg1fQ.CtiTeGpb1UUJwSuH3zQWrc-GPhZWNwwrZj6YAhlvsoE 200 1.897 ms - -"}
{"timestamp":"2025-10-27 15:51:13","level":"info","message":"OPTIONS /api/orders/vendor 204 0.242 ms - 0"}
{"timestamp":"2025-10-27 15:51:13","level":"info","message":"OPTIONS /api/vendor/get 204 0.157 ms - 0"}
{"timestamp":"2025-10-27 15:51:14","level":"info","message":"GET /api/orders/vendor 200 745.881 ms - 17487"}
{"timestamp":"2025-10-27 15:51:14","level":"info","message":"GET /api/vendor/get 200 1242.772 ms - 79"}
{"timestamp":"2025-10-27 15:51:15","level":"info","message":"OPTIONS /api/buyer/get 204 0.414 ms - 0"}
{"timestamp":"2025-10-27 15:51:15","level":"info","message":"GET /api/buyer/get 304 315.807 ms - -"}
{"timestamp":"2025-10-27 15:51:16","level":"info","message":"GET /api/products/product/42 304 705.740 ms - -"}
{"timestamp":"2025-10-27 15:51:16","level":"info","message":"OPTIONS /api/cart/in-cart/42 204 0.779 ms - 0"}
{"timestamp":"2025-10-27 15:51:16","level":"info","message":"GET /api/cart/in-cart/42 304 344.564 ms - -"}
{"timestamp":"2025-10-27 15:51:20","level":"info","message":"OPTIONS /api/orders/order/update/item/status 204 0.848 ms - 0"}
{"timestamp":"2025-10-27 15:51:21","level":"error","message":"existingNotification is not iterable"}
{"timestamp":"2025-10-27 15:51:21","level":"info","message":"PUT /api/orders/order/update/item/status 500 1699.780 ms - 48"}
{"timestamp":"2025-10-27 15:52:47","level":"info","message":"OPTIONS /api/orders/vendor 204 0.926 ms - 0"}
{"timestamp":"2025-10-27 15:52:47","level":"info","message":"OPTIONS /api/vendor/get 204 0.331 ms - 0"}
{"timestamp":"2025-10-27 15:52:48","level":"info","message":"GET /api/vendor/get 304 1319.412 ms - -"}
{"timestamp":"2025-10-27 15:52:50","level":"info","message":"GET /api/orders/vendor 200 2363.838 ms - 17491"}
{"timestamp":"2025-10-27 15:52:54","level":"info","message":"OPTIONS /api/orders/order/update/item/status 204 0.928 ms - 0"}
{"timestamp":"2025-10-27 15:52:56","level":"error","message":"existingNotification is not iterable"}
{"timestamp":"2025-10-27 15:52:56","level":"info","message":"PUT /api/orders/order/update/item/status 500 1774.264 ms - 48"}
{"timestamp":"2025-10-27 15:53:39","level":"info","message":"OPTIONS /api/orders/vendor 204 0.953 ms - 0"}
{"timestamp":"2025-10-27 15:53:39","level":"info","message":"OPTIONS /api/vendor/get 204 0.818 ms - 0"}
{"timestamp":"2025-10-27 15:53:40","level":"info","message":"GET /api/orders/vendor 200 1397.871 ms - 17497"}
{"timestamp":"2025-10-27 15:53:40","level":"info","message":"GET /api/vendor/get 304 1429.331 ms - -"}
{"timestamp":"2025-10-27 15:53:45","level":"info","message":"OPTIONS /api/orders/order/update/item/status 204 1.139 ms - 0"}
{"timestamp":"2025-10-27 15:53:47","level":"error","message":"existingNotification is not iterable"}
{"timestamp":"2025-10-27 15:53:47","level":"info","message":"PUT /api/orders/order/update/item/status 500 1696.380 ms - 48"}
{"timestamp":"2025-10-27 15:56:14","level":"info","message":"OPTIONS /api/orders/vendor 204 0.974 ms - 0"}
{"timestamp":"2025-10-27 15:56:14","level":"info","message":"OPTIONS /api/vendor/get 204 0.421 ms - 0"}
{"timestamp":"2025-10-27 15:56:15","level":"info","message":"GET /api/vendor/get 304 1046.129 ms - -"}
{"timestamp":"2025-10-27 15:56:16","level":"info","message":"GET /api/orders/vendor 200 1992.957 ms - 17490"}
{"timestamp":"2025-10-27 15:57:07","level":"info","message":"GET /api/orders/updates/vendor/eyJhbGciOiJIUzI1NiIsInR5cCI6IkpXVCJ9.eyJyb2xlIjoidmVuZG9yIiwiaWQiOjUsImlhdCI6MTc2MTU2MDM4NSwiZXhwIjoxNzYyMTY1MTg1fQ.CtiTeGpb1UUJwSuH3zQWrc-GPhZWNwwrZj6YAhlvsoE 200 1.990 ms - -"}
{"timestamp":"2025-10-27 15:57:07","level":"info","message":"OPTIONS /api/orders/vendor 204 0.322 ms - 0"}
{"timestamp":"2025-10-27 15:57:07","level":"info","message":"OPTIONS /api/vendor/get 204 0.736 ms - 0"}
{"timestamp":"2025-10-27 15:57:08","level":"info","message":"GET /api/vendor/get 304 377.947 ms - -"}
{"timestamp":"2025-10-27 15:57:08","level":"info","message":"GET /api/orders/vendor 304 852.365 ms - -"}
{"timestamp":"2025-10-27 15:57:31","level":"info","message":"GET /api/orders/updates/vendor/eyJhbGciOiJIUzI1NiIsInR5cCI6IkpXVCJ9.eyJyb2xlIjoidmVuZG9yIiwiaWQiOjUsImlhdCI6MTc2MTU2MDM4NSwiZXhwIjoxNzYyMTY1MTg1fQ.CtiTeGpb1UUJwSuH3zQWrc-GPhZWNwwrZj6YAhlvsoE 200 2.961 ms - -"}
{"timestamp":"2025-10-27 15:57:31","level":"info","message":"OPTIONS /api/orders/vendor 204 0.287 ms - 0"}
{"timestamp":"2025-10-27 15:57:31","level":"info","message":"OPTIONS /api/vendor/get 204 0.364 ms - 0"}
{"timestamp":"2025-10-27 15:57:32","level":"info","message":"GET /api/vendor/get 304 439.688 ms - -"}
{"timestamp":"2025-10-27 15:57:32","level":"info","message":"GET /api/orders/vendor 304 728.819 ms - -"}
{"timestamp":"2025-10-27 15:57:33","level":"info","message":"OPTIONS /api/buyer/get 204 0.420 ms - 0"}
{"timestamp":"2025-10-27 15:57:33","level":"info","message":"GET /api/buyer/get 304 360.417 ms - -"}
{"timestamp":"2025-10-27 15:57:34","level":"info","message":"GET /api/products/product/42 304 642.181 ms - -"}
{"timestamp":"2025-10-27 15:57:34","level":"info","message":"OPTIONS /api/cart/in-cart/42 204 0.594 ms - 0"}
{"timestamp":"2025-10-27 15:57:34","level":"info","message":"GET /api/cart/in-cart/42 304 300.454 ms - -"}
{"timestamp":"2025-10-27 15:57:39","level":"info","message":"OPTIONS /api/orders/order/update/item/status 204 1.966 ms - 0"}
{"timestamp":"2025-10-27 15:57:41","level":"error","message":"existingNotification is not iterable"}
{"timestamp":"2025-10-27 15:57:41","level":"info","message":"PUT /api/orders/order/update/item/status 500 1830.880 ms - 48"}
{"timestamp":"2025-10-27 15:58:44","level":"info","message":"OPTIONS /api/orders/order/update/item/status 204 2.346 ms - 0"}
{"timestamp":"2025-10-27 15:58:46","level":"error","message":"\nInvalid `prisma.inAppNotification.update()` invocation in\n/home/prabhjotarora/Desktop/iShop/backend/controllers/order.controller.js:174:38\n\n  171 // 2. Prepare the new message\n  172 const newMessage = statusMessages[status] || \"Your order status has been updated.\"\n  173 if(existingNotification)\n→ 174       await prisma.inAppNotification.update({\n              data: {\n                userId: 22,\n                role: \"buyer\",\n                message: [\n                  {\n                    id: 5,\n                    userId: 19,\n                    role: \"buyer\",\n                    message: [\n                      \"Your order [Yoga Mat Pro] is out for delivery!\"\n                    ],\n                    createdAt: new Date(\"2025-10-27T10:11:52.786Z\")\n                  },\n                  \"Your order [Samsung Galaxy Tab S9 FE [Smartchoice], RAM 6 GB, ROM 128 GB Expandable, S Pen in-Box, Wi-Fi, IP68 Tablet, Gray] is on its way.\"\n                ]\n                ~~~~~~~~~~~~~~~~~~~~~~~~~~~~~~~~~~~~~~~~~~~~~~~~~~~~~~~~~~~~~~~~~~~~~~~~~~~~~~~~~~~~~~~~~~~~~~~~~~~~~~~~~~~~~~~~~~~~~~~~~~~~~~~~~~~~~~~~~~~~~~~\n              }\n            })\n\nArgument `message`: Invalid value provided. Expected InAppNotificationUpdatemessageInput or String, provided Object."}
{"timestamp":"2025-10-27 15:58:46","level":"info","message":"PUT /api/orders/order/update/item/status 500 2511.988 ms - 1324"}
{"timestamp":"2025-10-27 16:02:39","level":"info","message":"OPTIONS /api/notifications/check/buyer 204 1.633 ms - 0"}
{"timestamp":"2025-10-27 16:02:40","level":"info","message":"GET /api/notifications/check/buyer 304 1161.689 ms - -"}
{"timestamp":"2025-10-27 16:02:41","level":"info","message":"OPTIONS /api/notifications/noti/buyer 204 0.980 ms - 0"}
{"timestamp":"2025-10-27 16:02:41","level":"info","message":"GET /api/notifications/noti/buyer 404 359.680 ms - 30"}
{"timestamp":"2025-10-27 16:02:48","level":"info","message":"OPTIONS /api/buyer/get 204 0.469 ms - 0"}
{"timestamp":"2025-10-27 16:02:48","level":"info","message":"GET /api/products/product/42 304 733.066 ms - -"}
{"timestamp":"2025-10-27 16:02:48","level":"info","message":"OPTIONS /api/cart/in-cart/42 204 1.841 ms - 0"}
{"timestamp":"2025-10-27 16:02:49","level":"info","message":"GET /api/buyer/get 304 941.914 ms - -"}
{"timestamp":"2025-10-27 16:02:49","level":"info","message":"OPTIONS /api/notifications/check/buyer 204 0.473 ms - 0"}
{"timestamp":"2025-10-27 16:02:49","level":"info","message":"GET /api/cart/in-cart/42 304 386.501 ms - -"}
{"timestamp":"2025-10-27 16:02:49","level":"info","message":"GET /api/notifications/check/buyer 304 367.830 ms - -"}
{"timestamp":"2025-10-27 16:02:56","level":"info","message":"OPTIONS /api/notifications/noti/buyer 204 0.416 ms - 0"}
{"timestamp":"2025-10-27 16:02:56","level":"info","message":"GET /api/notifications/noti/buyer 404 376.080 ms - 30"}
{"timestamp":"2025-10-27 16:02:56","level":"info","message":"GET /api/orders/updates/buyer/eyJhbGciOiJIUzI1NiIsInR5cCI6IkpXVCJ9.eyJyb2xlIjoiYnV5ZXIiLCJpZCI6MTksImlhdCI6MTc2MTU1MTU0NiwiZXhwIjoxNzYyMTU2MzQ2fQ.ifPeJXVkXiE9EcLFtpZy3x81LlOSXds-2l9OS8ylZxw 200 2.503 ms - -"}
{"timestamp":"2025-10-27 16:03:16","level":"info","message":"OPTIONS /api/notifications/noti/buyer 204 0.333 ms - 0"}
{"timestamp":"2025-10-27 16:03:16","level":"info","message":"OPTIONS /api/buyer/get 204 0.263 ms - 0"}
{"timestamp":"2025-10-27 16:03:17","level":"info","message":"GET /api/buyer/get 304 466.835 ms - -"}
{"timestamp":"2025-10-27 16:03:17","level":"info","message":"GET /api/notifications/noti/buyer 404 503.557 ms - 30"}
{"timestamp":"2025-10-27 16:03:19","level":"info","message":"GET /api/orders/updates/buyer/eyJhbGciOiJIUzI1NiIsInR5cCI6IkpXVCJ9.eyJyb2xlIjoiYnV5ZXIiLCJpZCI6MTksImlhdCI6MTc2MTU1MTU0NiwiZXhwIjoxNzYyMTU2MzQ2fQ.ifPeJXVkXiE9EcLFtpZy3x81LlOSXds-2l9OS8ylZxw 200 1.431 ms - -"}
{"timestamp":"2025-10-27 16:03:39","level":"info","message":"OPTIONS /api/notifications/noti/buyer 204 0.320 ms - 0"}
{"timestamp":"2025-10-27 16:03:39","level":"info","message":"OPTIONS /api/buyer/get 204 0.367 ms - 0"}
{"timestamp":"2025-10-27 16:03:39","level":"info","message":"GET /api/notifications/noti/buyer 404 451.185 ms - 30"}
{"timestamp":"2025-10-27 16:03:39","level":"info","message":"GET /api/buyer/get 304 446.368 ms - -"}
{"timestamp":"2025-10-27 16:03:39","level":"info","message":"GET /api/orders/updates/buyer/eyJhbGciOiJIUzI1NiIsInR5cCI6IkpXVCJ9.eyJyb2xlIjoiYnV5ZXIiLCJpZCI6MTksImlhdCI6MTc2MTU1MTU0NiwiZXhwIjoxNzYyMTU2MzQ2fQ.ifPeJXVkXiE9EcLFtpZy3x81LlOSXds-2l9OS8ylZxw 200 5.025 ms - -"}
{"timestamp":"2025-10-27 16:03:44","level":"info","message":"GET /api/notifications/noti/buyer 404 378.786 ms - 30"}
{"timestamp":"2025-10-27 16:03:44","level":"info","message":"GET /api/orders/updates/buyer/eyJhbGciOiJIUzI1NiIsInR5cCI6IkpXVCJ9.eyJyb2xlIjoiYnV5ZXIiLCJpZCI6MTksImlhdCI6MTc2MTU1MTU0NiwiZXhwIjoxNzYyMTU2MzQ2fQ.ifPeJXVkXiE9EcLFtpZy3x81LlOSXds-2l9OS8ylZxw 200 1.550 ms - -"}
{"timestamp":"2025-10-27 16:03:44","level":"info","message":"GET /api/buyer/get 304 426.213 ms - -"}
{"timestamp":"2025-10-27 16:03:46","level":"info","message":"OPTIONS /api/notifications/noti/buyer 204 0.243 ms - 0"}
{"timestamp":"2025-10-27 16:03:46","level":"info","message":"OPTIONS /api/buyer/get 204 0.249 ms - 0"}
{"timestamp":"2025-10-27 16:03:46","level":"info","message":"GET /api/buyer/get 304 353.879 ms - -"}
{"timestamp":"2025-10-27 16:03:46","level":"info","message":"GET /api/notifications/noti/buyer 404 381.893 ms - 30"}
{"timestamp":"2025-10-27 16:03:46","level":"info","message":"GET /api/orders/updates/buyer/eyJhbGciOiJIUzI1NiIsInR5cCI6IkpXVCJ9.eyJyb2xlIjoiYnV5ZXIiLCJpZCI6MTksImlhdCI6MTc2MTU1MTU0NiwiZXhwIjoxNzYyMTU2MzQ2fQ.ifPeJXVkXiE9EcLFtpZy3x81LlOSXds-2l9OS8ylZxw 200 3.103 ms - -"}
{"timestamp":"2025-10-27 16:03:49","level":"info","message":"GET /api/notifications/noti/buyer 404 359.142 ms - 30"}
{"timestamp":"2025-10-27 16:03:49","level":"info","message":"GET /api/buyer/get 304 353.703 ms - -"}
{"timestamp":"2025-10-27 16:03:49","level":"info","message":"GET /api/orders/updates/buyer/eyJhbGciOiJIUzI1NiIsInR5cCI6IkpXVCJ9.eyJyb2xlIjoiYnV5ZXIiLCJpZCI6MTksImlhdCI6MTc2MTU1MTU0NiwiZXhwIjoxNzYyMTU2MzQ2fQ.ifPeJXVkXiE9EcLFtpZy3x81LlOSXds-2l9OS8ylZxw 200 1.465 ms - -"}
{"timestamp":"2025-10-27 16:03:52","level":"info","message":"OPTIONS /api/notifications/noti/buyer 204 0.268 ms - 0"}
{"timestamp":"2025-10-27 16:03:52","level":"info","message":"OPTIONS /api/buyer/get 204 0.350 ms - 0"}
{"timestamp":"2025-10-27 16:03:52","level":"info","message":"GET /api/notifications/noti/buyer 404 360.035 ms - 30"}
{"timestamp":"2025-10-27 16:03:52","level":"info","message":"GET /api/buyer/get 304 377.589 ms - -"}
{"timestamp":"2025-10-27 16:03:52","level":"info","message":"GET /api/orders/updates/buyer/eyJhbGciOiJIUzI1NiIsInR5cCI6IkpXVCJ9.eyJyb2xlIjoiYnV5ZXIiLCJpZCI6MTksImlhdCI6MTc2MTU1MTU0NiwiZXhwIjoxNzYyMTU2MzQ2fQ.ifPeJXVkXiE9EcLFtpZy3x81LlOSXds-2l9OS8ylZxw 200 1.284 ms - -"}
{"timestamp":"2025-10-27 16:04:17","level":"info","message":"OPTIONS /api/notifications/noti/buyer 204 0.246 ms - 0"}
{"timestamp":"2025-10-27 16:04:17","level":"info","message":"OPTIONS /api/buyer/get 204 0.948 ms - 0"}
{"timestamp":"2025-10-27 16:04:18","level":"info","message":"GET /api/buyer/get 304 433.197 ms - -"}
{"timestamp":"2025-10-27 16:04:18","level":"info","message":"GET /api/notifications/noti/buyer 404 451.996 ms - 30"}
{"timestamp":"2025-10-27 16:04:18","level":"info","message":"GET /api/orders/updates/buyer/eyJhbGciOiJIUzI1NiIsInR5cCI6IkpXVCJ9.eyJyb2xlIjoiYnV5ZXIiLCJpZCI6MTksImlhdCI6MTc2MTU1MTU0NiwiZXhwIjoxNzYyMTU2MzQ2fQ.ifPeJXVkXiE9EcLFtpZy3x81LlOSXds-2l9OS8ylZxw 200 2.847 ms - -"}
{"timestamp":"2025-10-27 16:04:40","level":"info","message":"OPTIONS /api/notifications/noti/buyer 204 0.229 ms - 0"}
{"timestamp":"2025-10-27 16:04:40","level":"info","message":"OPTIONS /api/buyer/get 204 0.352 ms - 0"}
{"timestamp":"2025-10-27 16:04:41","level":"info","message":"GET /api/buyer/get 304 708.327 ms - -"}
{"timestamp":"2025-10-27 16:04:41","level":"info","message":"GET /api/notifications/noti/buyer 404 775.375 ms - 30"}
{"timestamp":"2025-10-27 16:04:41","level":"info","message":"GET /api/orders/updates/buyer/eyJhbGciOiJIUzI1NiIsInR5cCI6IkpXVCJ9.eyJyb2xlIjoiYnV5ZXIiLCJpZCI6MTksImlhdCI6MTc2MTU1MTU0NiwiZXhwIjoxNzYyMTU2MzQ2fQ.ifPeJXVkXiE9EcLFtpZy3x81LlOSXds-2l9OS8ylZxw 200 1.346 ms - -"}
{"timestamp":"2025-10-27 16:04:42","level":"info","message":"GET /api/notifications/noti/buyer 404 395.328 ms - 30"}
{"timestamp":"2025-10-27 16:04:42","level":"info","message":"GET /api/notifications/noti/buyer 404 377.092 ms - 30"}
{"timestamp":"2025-10-27 16:04:45","level":"info","message":"GET /api/notifications/noti/buyer 404 358.531 ms - 30"}
{"timestamp":"2025-10-27 16:04:45","level":"info","message":"GET /api/buyer/get 304 375.557 ms - -"}
{"timestamp":"2025-10-27 16:04:45","level":"info","message":"GET /api/orders/updates/buyer/eyJhbGciOiJIUzI1NiIsInR5cCI6IkpXVCJ9.eyJyb2xlIjoiYnV5ZXIiLCJpZCI6MTksImlhdCI6MTc2MTU1MTU0NiwiZXhwIjoxNzYyMTU2MzQ2fQ.ifPeJXVkXiE9EcLFtpZy3x81LlOSXds-2l9OS8ylZxw 200 3.944 ms - -"}
{"timestamp":"2025-10-27 16:05:17","level":"info","message":"OPTIONS /api/notifications/noti/buyer 204 0.210 ms - 0"}
{"timestamp":"2025-10-27 16:05:17","level":"info","message":"OPTIONS /api/buyer/get 204 0.357 ms - 0"}
{"timestamp":"2025-10-27 16:05:17","level":"info","message":"GET /api/buyer/get 304 428.796 ms - -"}
{"timestamp":"2025-10-27 16:05:17","level":"info","message":"GET /api/notifications/noti/buyer 404 442.764 ms - 30"}
{"timestamp":"2025-10-27 16:05:17","level":"info","message":"GET /api/orders/updates/buyer/eyJhbGciOiJIUzI1NiIsInR5cCI6IkpXVCJ9.eyJyb2xlIjoiYnV5ZXIiLCJpZCI6MTksImlhdCI6MTc2MTU1MTU0NiwiZXhwIjoxNzYyMTU2MzQ2fQ.ifPeJXVkXiE9EcLFtpZy3x81LlOSXds-2l9OS8ylZxw 200 1.508 ms - -"}
{"timestamp":"2025-10-27 16:05:31","level":"info","message":"OPTIONS /api/notifications/noti/buyer 204 0.323 ms - 0"}
{"timestamp":"2025-10-27 16:05:31","level":"info","message":"OPTIONS /api/buyer/get 204 0.226 ms - 0"}
{"timestamp":"2025-10-27 16:05:31","level":"info","message":"GET /api/notifications/noti/buyer 404 377.530 ms - 30"}
{"timestamp":"2025-10-27 16:05:32","level":"info","message":"GET /api/buyer/get 304 509.900 ms - -"}
{"timestamp":"2025-10-27 16:05:32","level":"info","message":"GET /api/notifications/noti/buyer 404 376.061 ms - 30"}
{"timestamp":"2025-10-27 16:05:34","level":"info","message":"GET /api/orders/updates/buyer/eyJhbGciOiJIUzI1NiIsInR5cCI6IkpXVCJ9.eyJyb2xlIjoiYnV5ZXIiLCJpZCI6MTksImlhdCI6MTc2MTU1MTU0NiwiZXhwIjoxNzYyMTU2MzQ2fQ.ifPeJXVkXiE9EcLFtpZy3x81LlOSXds-2l9OS8ylZxw 200 7.460 ms - -"}
{"timestamp":"2025-10-27 16:05:35","level":"info","message":"GET /api/buyer/get 304 423.944 ms - -"}
{"timestamp":"2025-10-27 16:05:35","level":"info","message":"GET /api/notifications/noti/buyer 404 447.630 ms - 30"}
{"timestamp":"2025-10-27 16:08:44","level":"info","message":"GET /api/orders/updates/buyer/eyJhbGciOiJIUzI1NiIsInR5cCI6IkpXVCJ9.eyJyb2xlIjoiYnV5ZXIiLCJpZCI6MTksImlhdCI6MTc2MTU1MTU0NiwiZXhwIjoxNzYyMTU2MzQ2fQ.ifPeJXVkXiE9EcLFtpZy3x81LlOSXds-2l9OS8ylZxw 200 4.897 ms - -"}
{"timestamp":"2025-10-27 16:08:44","level":"info","message":"GET /api/orders/updates/buyer/eyJhbGciOiJIUzI1NiIsInR5cCI6IkpXVCJ9.eyJyb2xlIjoiYnV5ZXIiLCJpZCI6MTksImlhdCI6MTc2MTU1MTU0NiwiZXhwIjoxNzYyMTU2MzQ2fQ.ifPeJXVkXiE9EcLFtpZy3x81LlOSXds-2l9OS8ylZxw 200 13.822 ms - -"}
{"timestamp":"2025-10-27 16:08:45","level":"info","message":"OPTIONS /api/buyer/get 204 1.114 ms - 0"}
{"timestamp":"2025-10-27 16:08:47","level":"info","message":"GET /api/buyer/get 304 1308.736 ms - -"}
{"timestamp":"2025-10-27 16:08:52","level":"info","message":"OPTIONS /api/orders/order/update/item/status 204 0.800 ms - 0"}
{"timestamp":"2025-10-27 16:08:54","level":"info","message":"PUT /api/orders/order/update/item/status 200 2826.282 ms - 129"}
{"timestamp":"2025-10-27 16:09:01","level":"info","message":"OPTIONS /api/orders/order/update/item/status 204 0.671 ms - 0"}
{"timestamp":"2025-10-27 16:09:03","level":"info","message":"PUT /api/orders/order/update/item/status 200 2559.797 ms - 133"}
{"timestamp":"2025-10-27 16:09:07","level":"info","message":"OPTIONS /api/notifications/check/buyer 204 0.616 ms - 0"}
{"timestamp":"2025-10-27 16:09:07","level":"info","message":"GET /api/notifications/check/buyer 304 373.144 ms - -"}
{"timestamp":"2025-10-27 16:09:29","level":"info","message":"OPTIONS /api/notifications/check/buyer 204 0.478 ms - 0"}
{"timestamp":"2025-10-27 16:09:29","level":"info","message":"GET /api/notifications/check/buyer 304 430.862 ms - -"}
{"timestamp":"2025-10-27 16:09:43","level":"info","message":"OPTIONS /api/notifications/unsubscribe/buyer 204 0.415 ms - 0"}
{"timestamp":"2025-10-27 16:09:44","level":"info","message":"POST /api/notifications/unsubscribe/buyer 200 356.850 ms - 39"}
{"timestamp":"2025-10-27 16:09:52","level":"info","message":"OPTIONS /api/buyer/login 204 1.079 ms - 0"}
{"timestamp":"2025-10-27 16:09:53","level":"info","message":"HTTP POST /api/buyer/login - body: {\"email\":\"gurkirat@g.co\",\"password\":\"gurkirat\"}"}
{"timestamp":"2025-10-27 16:09:53","level":"info","message":"POST /api/buyer/login 200 702.168 ms - 259"}
{"timestamp":"2025-10-27 16:09:56","level":"info","message":"GET /api/products/random 200 367.749 ms - 3606"}
{"timestamp":"2025-10-27 16:10:01","level":"info","message":"OPTIONS /api/notifications/check/buyer 204 0.576 ms - 0"}
{"timestamp":"2025-10-27 16:10:01","level":"info","message":"GET /api/notifications/check/buyer 304 402.110 ms - -"}
{"timestamp":"2025-10-27 16:10:03","level":"info","message":"OPTIONS /api/notifications/noti/buyer 204 0.302 ms - 0"}
{"timestamp":"2025-10-27 16:10:03","level":"info","message":"GET /api/notifications/noti/buyer 200 373.170 ms - 300"}
{"timestamp":"2025-10-27 16:10:06","level":"info","message":"GET /api/orders/updates/buyer/eyJhbGciOiJIUzI1NiIsInR5cCI6IkpXVCJ9.eyJyb2xlIjoiYnV5ZXIiLCJpZCI6MjIsImlhdCI6MTc2MTU2MTU5MywiZXhwIjoxNzYyMTY2MzkzfQ.f5oIXp3vCA-7ktREafp-nsjXG4D0h9mImGJfabHItTE 200 2.074 ms - -"}
{"timestamp":"2025-10-27 16:10:06","level":"info","message":"OPTIONS /api/buyer/get 204 0.512 ms - 0"}
{"timestamp":"2025-10-27 16:10:07","level":"info","message":"GET /api/notifications/noti/buyer 304 354.512 ms - -"}
{"timestamp":"2025-10-27 16:10:08","level":"info","message":"GET /api/buyer/get 200 1166.478 ms - 61"}
{"timestamp":"2025-10-27 16:10:17","level":"info","message":"OPTIONS /api/orders/order/update/item/status 204 0.202 ms - 0"}
{"timestamp":"2025-10-27 16:10:20","level":"info","message":"PUT /api/orders/order/update/item/status 200 2710.245 ms - 139"}
{"timestamp":"2025-10-27 16:10:57","level":"info","message":"GET /api/orders/updates/buyer/eyJhbGciOiJIUzI1NiIsInR5cCI6IkpXVCJ9.eyJyb2xlIjoiYnV5ZXIiLCJpZCI6MjIsImlhdCI6MTc2MTU2MTU5MywiZXhwIjoxNzYyMTY2MzkzfQ.f5oIXp3vCA-7ktREafp-nsjXG4D0h9mImGJfabHItTE 200 1.835 ms - -"}
{"timestamp":"2025-10-27 16:10:58","level":"info","message":"OPTIONS /api/notifications/noti/buyer 204 0.227 ms - 0"}
{"timestamp":"2025-10-27 16:10:58","level":"info","message":"OPTIONS /api/buyer/get 204 0.282 ms - 0"}
{"timestamp":"2025-10-27 16:10:58","level":"info","message":"GET /api/buyer/get 304 443.765 ms - -"}
{"timestamp":"2025-10-27 16:10:58","level":"info","message":"GET /api/notifications/noti/buyer 200 453.382 ms - 448"}
{"timestamp":"2025-10-27 16:11:11","level":"info","message":"OPTIONS /api/notifications/check/vendor 204 0.792 ms - 0"}
{"timestamp":"2025-10-27 16:11:11","level":"info","message":"GET /api/notifications/check/vendor 304 374.201 ms - -"}
{"timestamp":"2025-10-27 16:11:19","level":"info","message":"GET /api/products/search/samsung 200 877.257 ms - 707"}
{"timestamp":"2025-10-27 16:11:24","level":"info","message":"OPTIONS /api/notifications/noti/vendor 204 0.198 ms - 0"}
{"timestamp":"2025-10-27 16:11:25","level":"info","message":"GET /api/notifications/noti/vendor 200 361.043 ms - 20"}
{"timestamp":"2025-10-27 16:11:37","level":"info","message":"OPTIONS /api/notifications/noti/vendor 204 0.247 ms - 0"}
{"timestamp":"2025-10-27 16:11:37","level":"info","message":"OPTIONS /api/vendor/get 204 0.186 ms - 0"}
{"timestamp":"2025-10-27 16:11:37","level":"info","message":"GET /api/notifications/noti/vendor 304 441.533 ms - -"}
{"timestamp":"2025-10-27 16:11:37","level":"info","message":"GET /api/vendor/get 304 438.297 ms - -"}
{"timestamp":"2025-10-27 16:11:38","level":"info","message":"GET /api/orders/updates/vendor/eyJhbGciOiJIUzI1NiIsInR5cCI6IkpXVCJ9.eyJyb2xlIjoidmVuZG9yIiwiaWQiOjUsImlhdCI6MTc2MTU2MDM4NSwiZXhwIjoxNzYyMTY1MTg1fQ.CtiTeGpb1UUJwSuH3zQWrc-GPhZWNwwrZj6YAhlvsoE 200 1.029 ms - -"}
{"timestamp":"2025-10-27 16:12:02","level":"info","message":"OPTIONS /api/notifications/noti/vendor 204 0.277 ms - 0"}
{"timestamp":"2025-10-27 16:12:02","level":"info","message":"OPTIONS /api/vendor/get 204 0.205 ms - 0"}
{"timestamp":"2025-10-27 16:12:03","level":"info","message":"GET /api/notifications/noti/vendor 304 435.041 ms - -"}
{"timestamp":"2025-10-27 16:12:03","level":"info","message":"GET /api/vendor/get 304 448.851 ms - -"}
{"timestamp":"2025-10-27 16:12:07","level":"info","message":"GET /api/orders/updates/vendor/eyJhbGciOiJIUzI1NiIsInR5cCI6IkpXVCJ9.eyJyb2xlIjoidmVuZG9yIiwiaWQiOjUsImlhdCI6MTc2MTU2MDM4NSwiZXhwIjoxNzYyMTY1MTg1fQ.CtiTeGpb1UUJwSuH3zQWrc-GPhZWNwwrZj6YAhlvsoE 200 1.032 ms - -"}
{"timestamp":"2025-10-27 16:12:09","level":"info","message":"OPTIONS /api/notifications/noti/vendor 204 1.111 ms - 0"}
{"timestamp":"2025-10-27 16:12:09","level":"info","message":"OPTIONS /api/vendor/get 204 0.214 ms - 0"}
{"timestamp":"2025-10-27 16:12:09","level":"info","message":"GET /api/notifications/noti/vendor 304 369.159 ms - -"}
{"timestamp":"2025-10-27 16:12:10","level":"info","message":"GET /api/vendor/get 304 372.726 ms - -"}
{"timestamp":"2025-10-27 16:12:49","level":"info","message":"OPTIONS /api/notifications/noti/vendor 204 0.221 ms - 0"}
{"timestamp":"2025-10-27 16:12:50","level":"info","message":"GET /api/notifications/noti/vendor 304 430.725 ms - -"}
{"timestamp":"2025-10-27 16:12:54","level":"info","message":"GET /api/notifications/noti/vendor 304 373.833 ms - -"}
{"timestamp":"2025-10-27 16:13:00","level":"info","message":"GET /api/orders/updates/vendor/eyJhbGciOiJIUzI1NiIsInR5cCI6IkpXVCJ9.eyJyb2xlIjoidmVuZG9yIiwiaWQiOjUsImlhdCI6MTc2MTU2MDM4NSwiZXhwIjoxNzYyMTY1MTg1fQ.CtiTeGpb1UUJwSuH3zQWrc-GPhZWNwwrZj6YAhlvsoE 200 1.004 ms - -"}
{"timestamp":"2025-10-27 16:13:01","level":"info","message":"OPTIONS /api/notifications/noti/vendor 204 0.265 ms - 0"}
{"timestamp":"2025-10-27 16:13:01","level":"info","message":"OPTIONS /api/vendor/get 204 1.279 ms - 0"}
{"timestamp":"2025-10-27 16:13:01","level":"info","message":"GET /api/notifications/noti/vendor 304 364.259 ms - -"}
{"timestamp":"2025-10-27 16:13:01","level":"info","message":"GET /api/vendor/get 304 456.736 ms - -"}
{"timestamp":"2025-10-27 16:13:15","level":"info","message":"OPTIONS /api/notifications/check/buyer 204 0.358 ms - 0"}
{"timestamp":"2025-10-27 16:13:15","level":"info","message":"GET /api/notifications/check/buyer 304 385.908 ms - -"}
{"timestamp":"2025-10-27 16:13:17","level":"info","message":"OPTIONS /api/notifications/noti/buyer 204 0.411 ms - 0"}
{"timestamp":"2025-10-27 16:13:17","level":"info","message":"GET /api/notifications/noti/buyer 304 439.397 ms - -"}
{"timestamp":"2025-10-27 16:13:24","level":"info","message":"OPTIONS /api/notifications/check/vendor 204 0.238 ms - 0"}
{"timestamp":"2025-10-27 16:13:24","level":"info","message":"GET /api/notifications/check/vendor 304 367.144 ms - -"}
{"timestamp":"2025-10-27 16:13:30","level":"info","message":"OPTIONS /api/notifications/noti/vendor 204 0.186 ms - 0"}
{"timestamp":"2025-10-27 16:13:30","level":"info","message":"GET /api/notifications/noti/vendor 304 381.373 ms - -"}
{"timestamp":"2025-10-27 16:13:32","level":"info","message":"GET /api/notifications/noti/vendor 304 369.149 ms - -"}
{"timestamp":"2025-10-27 16:13:32","level":"info","message":"OPTIONS /api/orders/vendor 204 0.625 ms - 0"}
{"timestamp":"2025-10-27 16:13:33","level":"info","message":"GET /api/orders/vendor 200 871.552 ms - 17492"}
{"timestamp":"2025-10-27 16:13:34","level":"info","message":"GET /api/notifications/noti/vendor 304 353.129 ms - -"}
{"timestamp":"2025-10-27 16:13:36","level":"info","message":"GET /api/orders/vendor 304 776.895 ms - -"}
{"timestamp":"2025-10-27 16:13:40","level":"info","message":"OPTIONS /api/product/categories 204 0.161 ms - 0"}
{"timestamp":"2025-10-27 16:13:41","level":"info","message":"GET /api/product/categories 200 726.024 ms - 357"}
{"timestamp":"2025-10-27 16:13:50","level":"info","message":"OPTIONS /api/vendor/get-sales?sortBy=unitsSold 204 0.149 ms - 0"}
{"timestamp":"2025-10-27 16:13:50","level":"info","message":"GET /api/vendor/get-sales?sortBy=unitsSold 200 438.431 ms - 1171"}
{"timestamp":"2025-10-27 16:13:50","level":"info","message":"OPTIONS /api/product/categories 204 2.010 ms - 0"}
{"timestamp":"2025-10-27 16:13:51","level":"info","message":"GET /api/product/categories 304 734.554 ms - -"}
{"timestamp":"2025-10-27 16:14:02","level":"info","message":"OPTIONS /api/notifications/check/vendor 204 0.146 ms - 0"}
{"timestamp":"2025-10-27 16:14:02","level":"info","message":"GET /api/notifications/check/vendor 304 377.817 ms - -"}
{"timestamp":"2025-10-27 16:15:51","level":"info","message":"OPTIONS /api/vendor/get-sales?sortBy=unitsSold 204 0.247 ms - 0"}
{"timestamp":"2025-10-27 16:15:53","level":"info","message":"GET /api/vendor/get-sales?sortBy=unitsSold 304 1092.349 ms - -"}
{"timestamp":"2025-10-27 16:15:53","level":"info","message":"OPTIONS /api/product/categories 204 0.213 ms - 0"}
{"timestamp":"2025-10-27 16:15:53","level":"info","message":"GET /api/vendor/get-sales?sortBy=unitsSold 200 1114.927 ms - 1171"}
{"timestamp":"2025-10-27 16:15:53","level":"info","message":"GET /api/vendor/get-sales?sortBy=unitsSold 200 1029.495 ms - 1171"}
{"timestamp":"2025-10-27 16:15:53","level":"info","message":"GET /api/product/categories 304 648.473 ms - -"}
{"timestamp":"2025-10-27 16:15:53","level":"info","message":"GET /api/vendor/get-sales?sortBy=unitsSold 200 978.215 ms - 1171"}
{"timestamp":"2025-10-27 16:15:53","level":"info","message":"GET /api/vendor/get-sales?sortBy=unitsSold 200 879.920 ms - 1171"}
{"timestamp":"2025-10-27 16:15:53","level":"info","message":"GET /api/product/categories 200 802.784 ms - 357"}
{"timestamp":"2025-10-27 16:15:54","level":"info","message":"GET /api/product/categories 200 781.195 ms - 357"}
{"timestamp":"2025-10-27 16:15:54","level":"info","message":"GET /api/product/categories 304 745.856 ms - -"}
{"timestamp":"2025-10-27 16:15:54","level":"info","message":"GET /api/product/categories 200 635.623 ms - 357"}
{"timestamp":"2025-10-27 16:16:02","level":"info","message":"GET /api/orders/updates/vendor/eyJhbGciOiJIUzI1NiIsInR5cCI6IkpXVCJ9.eyJyb2xlIjoidmVuZG9yIiwiaWQiOjUsImlhdCI6MTc2MTU2MDM4NSwiZXhwIjoxNzYyMTY1MTg1fQ.CtiTeGpb1UUJwSuH3zQWrc-GPhZWNwwrZj6YAhlvsoE 200 0.826 ms - -"}
{"timestamp":"2025-10-27 16:16:04","level":"info","message":"OPTIONS /api/vendor/get-sales?sortBy=unitsSold 204 0.211 ms - 0"}
{"timestamp":"2025-10-27 16:16:04","level":"info","message":"OPTIONS /api/vendor/get 204 0.288 ms - 0"}
{"timestamp":"2025-10-27 16:16:04","level":"info","message":"GET /api/vendor/get-sales?sortBy=unitsSold 304 324.232 ms - -"}
{"timestamp":"2025-10-27 16:16:04","level":"info","message":"OPTIONS /api/product/categories 204 0.312 ms - 0"}
{"timestamp":"2025-10-27 16:16:04","level":"info","message":"GET /api/vendor/get 304 394.578 ms - -"}
{"timestamp":"2025-10-27 16:16:05","level":"info","message":"GET /api/product/categories 304 628.335 ms - -"}
{"timestamp":"2025-10-27 16:16:11","level":"info","message":"OPTIONS /api/vendor/get-sales?sortBy=unitsSold 204 0.268 ms - 0"}
{"timestamp":"2025-10-27 16:16:12","level":"info","message":"GET /api/vendor/get-sales?sortBy=unitsSold 304 369.541 ms - -"}
{"timestamp":"2025-10-27 16:16:12","level":"info","message":"OPTIONS /api/product/categories 204 0.924 ms - 0"}
{"timestamp":"2025-10-27 16:16:12","level":"info","message":"GET /api/product/categories 304 620.028 ms - -"}
{"timestamp":"2025-10-27 16:16:18","level":"info","message":"GET /api/orders/updates/vendor/eyJhbGciOiJIUzI1NiIsInR5cCI6IkpXVCJ9.eyJyb2xlIjoidmVuZG9yIiwiaWQiOjUsImlhdCI6MTc2MTU2MDM4NSwiZXhwIjoxNzYyMTY1MTg1fQ.CtiTeGpb1UUJwSuH3zQWrc-GPhZWNwwrZj6YAhlvsoE 200 0.900 ms - -"}
{"timestamp":"2025-10-27 16:16:20","level":"info","message":"OPTIONS /api/vendor/get-sales?sortBy=unitsSold 204 0.259 ms - 0"}
{"timestamp":"2025-10-27 16:16:20","level":"info","message":"OPTIONS /api/vendor/get 204 0.306 ms - 0"}
{"timestamp":"2025-10-27 16:16:20","level":"info","message":"GET /api/vendor/get-sales?sortBy=unitsSold 304 325.002 ms - -"}
{"timestamp":"2025-10-27 16:16:20","level":"info","message":"GET /api/vendor/get 304 465.831 ms - -"}
{"timestamp":"2025-10-27 16:16:20","level":"info","message":"OPTIONS /api/product/categories 204 0.308 ms - 0"}
{"timestamp":"2025-10-27 16:16:21","level":"info","message":"GET /api/product/categories 304 756.244 ms - -"}
{"timestamp":"2025-10-27 16:18:41","level":"info","message":"OPTIONS /api/products/vendor 204 0.255 ms - 0"}
{"timestamp":"2025-10-27 16:18:42","level":"info","message":"GET /api/products/vendor 200 463.436 ms - 1985"}
{"timestamp":"2025-10-27 16:18:44","level":"info","message":"OPTIONS /api/notifications/check/vendor 204 0.495 ms - 0"}
{"timestamp":"2025-10-27 16:18:44","level":"info","message":"GET /api/notifications/check/vendor 304 377.197 ms - -"}
{"timestamp":"2025-10-27 16:18:46","level":"info","message":"OPTIONS /api/notifications/noti/vendor 204 0.240 ms - 0"}
{"timestamp":"2025-10-27 16:18:46","level":"info","message":"GET /api/notifications/noti/vendor 304 390.349 ms - -"}
{"timestamp":"2025-10-27 16:18:50","level":"info","message":"OPTIONS /api/notifications/check/vendor 204 0.241 ms - 0"}
{"timestamp":"2025-10-27 16:18:51","level":"info","message":"GET /api/notifications/check/vendor 304 382.372 ms - -"}
{"timestamp":"2025-10-27 16:18:58","level":"info","message":"GET /api/products/search/wo 200 854.387 ms - 614"}
{"timestamp":"2025-10-27 16:19:01","level":"info","message":"GET /api/products/product/19 200 757.284 ms - 417"}
{"timestamp":"2025-10-27 16:19:01","level":"info","message":"OPTIONS /api/cart/in-cart/19 204 1.784 ms - 0"}
{"timestamp":"2025-10-27 16:19:01","level":"info","message":"GET /api/cart/in-cart/19 304 382.044 ms - -"}
{"timestamp":"2025-10-27 16:19:09","level":"info","message":"OPTIONS /api/products/vendor 204 0.169 ms - 0"}
{"timestamp":"2025-10-27 16:19:10","level":"info","message":"GET /api/products/vendor 304 390.041 ms - -"}
{"timestamp":"2025-10-27 16:19:18","level":"info","message":"GET /api/products/search/harry 200 880.988 ms - 253"}
{"timestamp":"2025-10-27 16:19:20","level":"info","message":"GET /api/products/product/33 200 770.074 ms - 471"}
{"timestamp":"2025-10-27 16:19:20","level":"info","message":"OPTIONS /api/cart/in-cart/33 204 0.848 ms - 0"}
{"timestamp":"2025-10-27 16:19:21","level":"info","message":"GET /api/cart/in-cart/33 304 404.562 ms - -"}
{"timestamp":"2025-10-27 16:19:22","level":"info","message":"OPTIONS /api/cart/add/ 204 0.708 ms - 0"}
{"timestamp":"2025-10-27 16:19:24","level":"info","message":"OPTIONS /api/notifications/check/buyer 204 1.069 ms - 0"}
{"timestamp":"2025-10-27 16:19:24","level":"info","message":"GET /api/notifications/check/buyer 304 373.729 ms - -"}
{"timestamp":"2025-10-27 16:19:25","level":"info","message":"POST /api/cart/add/ 201 2858.395 ms - 50"}
{"timestamp":"2025-10-27 16:19:25","level":"info","message":"OPTIONS /api/cart/get 204 0.265 ms - 0"}
{"timestamp":"2025-10-27 16:19:26","level":"info","message":"GET /api/cart/get 200 676.718 ms - 463"}
{"timestamp":"2025-10-27 16:19:29","level":"info","message":"OPTIONS /api/payment/create-order 204 0.429 ms - 0"}
{"timestamp":"2025-10-27 16:19:34","level":"info","message":"POST /api/payment/create-order 201 4306.503 ms - 522"}
{"timestamp":"2025-10-27 16:19:59","level":"info","message":"OPTIONS /api/payment/verify-payment 204 0.220 ms - 0"}
{"timestamp":"2025-10-27 16:20:03","level":"info","message":"POST /api/payment/verify-payment 200 3855.030 ms - 247"}
{"timestamp":"2025-10-27 16:20:04","level":"info","message":"GET /api/orders/updates/buyer/eyJhbGciOiJIUzI1NiIsInR5cCI6IkpXVCJ9.eyJyb2xlIjoiYnV5ZXIiLCJpZCI6MTksImlhdCI6MTc2MTU1MTU0NiwiZXhwIjoxNzYyMTU2MzQ2fQ.ifPeJXVkXiE9EcLFtpZy3x81LlOSXds-2l9OS8ylZxw 200 6.175 ms - -"}
{"timestamp":"2025-10-27 16:20:05","level":"info","message":"OPTIONS /api/orders/order/108 204 0.245 ms - 0"}
{"timestamp":"2025-10-27 16:20:05","level":"info","message":"OPTIONS /api/buyer/get 204 0.168 ms - 0"}
{"timestamp":"2025-10-27 16:20:05","level":"info","message":"GET /api/buyer/get 304 389.761 ms - -"}
{"timestamp":"2025-10-27 16:20:05","level":"info","message":"GET /api/orders/order/108 200 568.095 ms - 279"}
{"timestamp":"2025-10-27 16:20:08","level":"info","message":"OPTIONS /api/notifications/check/vendor 204 0.274 ms - 0"}
{"timestamp":"2025-10-27 16:20:08","level":"info","message":"GET /api/notifications/check/vendor 304 376.710 ms - -"}
{"timestamp":"2025-10-27 16:20:10","level":"info","message":"OPTIONS /api/notifications/noti/vendor 204 0.169 ms - 0"}
{"timestamp":"2025-10-27 16:20:10","level":"info","message":"GET /api/notifications/noti/vendor 200 378.871 ms - 176"}
{"timestamp":"2025-10-27 16:20:13","level":"info","message":"GET /api/orders/updates/vendor/eyJhbGciOiJIUzI1NiIsInR5cCI6IkpXVCJ9.eyJyb2xlIjoidmVuZG9yIiwiaWQiOjUsImlhdCI6MTc2MTU2MDM4NSwiZXhwIjoxNzYyMTY1MTg1fQ.CtiTeGpb1UUJwSuH3zQWrc-GPhZWNwwrZj6YAhlvsoE 200 0.928 ms - -"}
{"timestamp":"2025-10-27 16:20:13","level":"info","message":"OPTIONS /api/vendor/get 204 0.268 ms - 0"}
{"timestamp":"2025-10-27 16:20:14","level":"info","message":"GET /api/vendor/get 304 322.081 ms - -"}
{"timestamp":"2025-10-27 16:20:14","level":"info","message":"GET /api/notifications/noti/vendor 304 395.265 ms - -"}
{"timestamp":"2025-10-27 16:20:16","level":"info","message":"GET /api/orders/updates/vendor/eyJhbGciOiJIUzI1NiIsInR5cCI6IkpXVCJ9.eyJyb2xlIjoidmVuZG9yIiwiaWQiOjUsImlhdCI6MTc2MTU2MDM4NSwiZXhwIjoxNzYyMTY1MTg1fQ.CtiTeGpb1UUJwSuH3zQWrc-GPhZWNwwrZj6YAhlvsoE 200 0.843 ms - -"}
{"timestamp":"2025-10-27 16:20:16","level":"info","message":"OPTIONS /api/notifications/noti/vendor 204 0.211 ms - 0"}
{"timestamp":"2025-10-27 16:20:17","level":"info","message":"GET /api/notifications/noti/vendor 304 322.988 ms - -"}
{"timestamp":"2025-10-27 16:20:17","level":"info","message":"GET /api/vendor/get 304 451.515 ms - -"}
{"timestamp":"2025-10-27 16:20:34","level":"info","message":"GET /api/orders/updates/vendor/eyJhbGciOiJIUzI1NiIsInR5cCI6IkpXVCJ9.eyJyb2xlIjoidmVuZG9yIiwiaWQiOjUsImlhdCI6MTc2MTU2MDM4NSwiZXhwIjoxNzYyMTY1MTg1fQ.CtiTeGpb1UUJwSuH3zQWrc-GPhZWNwwrZj6YAhlvsoE 200 0.870 ms - -"}
{"timestamp":"2025-10-27 16:20:34","level":"info","message":"OPTIONS /api/notifications/noti/vendor 204 0.414 ms - 0"}
{"timestamp":"2025-10-27 16:20:34","level":"info","message":"OPTIONS /api/vendor/get 204 0.186 ms - 0"}
{"timestamp":"2025-10-27 16:20:34","level":"info","message":"GET /api/vendor/get 304 376.178 ms - -"}
{"timestamp":"2025-10-27 16:20:35","level":"info","message":"GET /api/notifications/noti/vendor 304 475.517 ms - -"}
{"timestamp":"2025-10-27 16:21:17","level":"info","message":"OPTIONS /api/notifications/noti/vendor 204 2.373 ms - 0"}
{"timestamp":"2025-10-27 16:21:17","level":"info","message":"OPTIONS /api/notifications/noti/buyer 204 0.253 ms - 0"}
{"timestamp":"2025-10-27 16:21:18","level":"info","message":"GET /api/notifications/noti/vendor 200 771.896 ms - 176"}
{"timestamp":"2025-10-27 16:21:18","level":"info","message":"GET /api/notifications/noti/vendor 304 989.232 ms - -"}
{"timestamp":"2025-10-27 16:21:18","level":"info","message":"GET /api/notifications/noti/buyer 304 909.596 ms - -"}
{"timestamp":"2025-10-27 16:21:38","level":"info","message":"OPTIONS /api/notifications/noti/vendor 204 0.257 ms - 0"}
{"timestamp":"2025-10-27 16:21:38","level":"info","message":"OPTIONS /api/notifications/noti/buyer 204 0.248 ms - 0"}
{"timestamp":"2025-10-27 16:21:38","level":"info","message":"GET /api/notifications/noti/vendor 304 447.174 ms - -"}
{"timestamp":"2025-10-27 16:21:39","level":"info","message":"GET /api/notifications/noti/buyer 304 441.260 ms - -"}
{"timestamp":"2025-10-27 16:21:42","level":"info","message":"GET /api/notifications/noti/vendor 304 369.786 ms - -"}
{"timestamp":"2025-10-27 16:21:43","level":"info","message":"GET /api/notifications/noti/buyer 304 363.782 ms - -"}
{"timestamp":"2025-10-27 16:21:44","level":"info","message":"OPTIONS /api/notifications/noti/vendor 204 0.256 ms - 0"}
{"timestamp":"2025-10-27 16:21:44","level":"info","message":"GET /api/notifications/noti/vendor 304 364.423 ms - -"}
{"timestamp":"2025-10-27 16:21:44","level":"info","message":"OPTIONS /api/notifications/noti/buyer 204 1.992 ms - 0"}
{"timestamp":"2025-10-27 16:21:45","level":"info","message":"GET /api/notifications/noti/buyer 304 355.719 ms - -"}
{"timestamp":"2025-10-27 16:21:51","level":"info","message":"OPTIONS /api/notifications/noti/vendor 204 0.250 ms - 0"}
{"timestamp":"2025-10-27 16:21:51","level":"info","message":"OPTIONS /api/notifications/noti/buyer 204 0.224 ms - 0"}
{"timestamp":"2025-10-27 16:21:52","level":"info","message":"GET /api/notifications/noti/vendor 304 367.056 ms - -"}
{"timestamp":"2025-10-27 16:21:52","level":"info","message":"GET /api/notifications/noti/buyer 304 350.613 ms - -"}
{"timestamp":"2025-10-27 16:21:58","level":"info","message":"OPTIONS /api/notifications/noti/vendor 204 0.209 ms - 0"}
{"timestamp":"2025-10-27 16:21:59","level":"info","message":"GET /api/notifications/noti/vendor 304 442.859 ms - -"}
{"timestamp":"2025-10-27 16:21:59","level":"info","message":"OPTIONS /api/notifications/noti/buyer 204 0.211 ms - 0"}
{"timestamp":"2025-10-27 16:22:00","level":"info","message":"GET /api/notifications/noti/buyer 304 358.997 ms - -"}
{"timestamp":"2025-10-27 16:22:05","level":"info","message":"GET /api/orders/updates/vendor/eyJhbGciOiJIUzI1NiIsInR5cCI6IkpXVCJ9.eyJyb2xlIjoidmVuZG9yIiwiaWQiOjUsImlhdCI6MTc2MTU2MDM4NSwiZXhwIjoxNzYyMTY1MTg1fQ.CtiTeGpb1UUJwSuH3zQWrc-GPhZWNwwrZj6YAhlvsoE 200 0.810 ms - -"}
{"timestamp":"2025-10-27 16:22:07","level":"info","message":"OPTIONS /api/notifications/noti/vendor 204 0.207 ms - 0"}
{"timestamp":"2025-10-27 16:22:07","level":"info","message":"OPTIONS /api/vendor/get 204 0.249 ms - 0"}
{"timestamp":"2025-10-27 16:22:07","level":"info","message":"GET /api/notifications/noti/vendor 304 379.981 ms - -"}
{"timestamp":"2025-10-27 16:22:07","level":"info","message":"GET /api/vendor/get 304 435.793 ms - -"}
{"timestamp":"2025-10-27 16:22:32","level":"info","message":"GET /api/orders/updates/vendor/eyJhbGciOiJIUzI1NiIsInR5cCI6IkpXVCJ9.eyJyb2xlIjoidmVuZG9yIiwiaWQiOjUsImlhdCI6MTc2MTU2MDM4NSwiZXhwIjoxNzYyMTY1MTg1fQ.CtiTeGpb1UUJwSuH3zQWrc-GPhZWNwwrZj6YAhlvsoE 200 1.028 ms - -"}
{"timestamp":"2025-10-27 16:22:34","level":"info","message":"OPTIONS /api/notifications/noti/vendor 204 0.329 ms - 0"}
{"timestamp":"2025-10-27 16:22:34","level":"info","message":"OPTIONS /api/vendor/get 204 0.248 ms - 0"}
{"timestamp":"2025-10-27 16:22:34","level":"info","message":"GET /api/notifications/noti/vendor 304 439.975 ms - -"}
{"timestamp":"2025-10-27 16:22:34","level":"info","message":"GET /api/vendor/get 304 441.503 ms - -"}
{"timestamp":"2025-10-27 16:23:40","level":"info","message":"OPTIONS /api/notifications/noti/vendor 204 7.911 ms - 0"}
{"timestamp":"2025-10-27 16:23:40","level":"info","message":"OPTIONS /api/vendor/get 204 0.381 ms - 0"}
{"timestamp":"2025-10-27 16:23:42","level":"info","message":"GET /api/notifications/noti/vendor 200 1550.538 ms - 171"}
{"timestamp":"2025-10-27 16:23:42","level":"info","message":"GET /api/orders/updates/vendor/eyJhbGciOiJIUzI1NiIsInR5cCI6IkpXVCJ9.eyJyb2xlIjoidmVuZG9yIiwiaWQiOjUsImlhdCI6MTc2MTU2MDM4NSwiZXhwIjoxNzYyMTY1MTg1fQ.CtiTeGpb1UUJwSuH3zQWrc-GPhZWNwwrZj6YAhlvsoE 200 22.793 ms - -"}
{"timestamp":"2025-10-27 16:23:42","level":"info","message":"GET /api/vendor/get 304 1957.618 ms - -"}
{"timestamp":"2025-10-27 16:24:42","level":"info","message":"OPTIONS /api/notifications/noti/vendor 204 3.911 ms - 0"}
{"timestamp":"2025-10-27 16:24:42","level":"info","message":"OPTIONS /api/vendor/get 204 0.328 ms - 0"}
{"timestamp":"2025-10-27 16:24:44","level":"info","message":"GET /api/vendor/get 304 1549.218 ms - -"}
{"timestamp":"2025-10-27 16:24:44","level":"info","message":"GET /api/notifications/noti/vendor 200 2102.969 ms - 84"}
{"timestamp":"2025-10-27 16:25:17","level":"info","message":"OPTIONS /api/notifications/noti/buyer 204 0.328 ms - 0"}
{"timestamp":"2025-10-27 16:25:18","level":"info","message":"GET /api/notifications/noti/buyer 304 403.850 ms - -"}
{"timestamp":"2025-10-27 16:25:18","level":"info","message":"OPTIONS /api/notifications/noti/vendor 204 0.417 ms - 0"}
{"timestamp":"2025-10-27 16:25:18","level":"info","message":"GET /api/notifications/noti/vendor 304 323.340 ms - -"}
{"timestamp":"2025-10-27 16:25:22","level":"info","message":"OPTIONS /api/notifications/noti/buyer 204 0.423 ms - 0"}
{"timestamp":"2025-10-27 16:25:22","level":"info","message":"GET /api/notifications/noti/vendor 304 317.495 ms - -"}
{"timestamp":"2025-10-27 16:25:23","level":"info","message":"GET /api/notifications/noti/buyer 304 463.938 ms - -"}
{"timestamp":"2025-10-27 16:25:28","level":"info","message":"GET /api/orders/updates/vendor/eyJhbGciOiJIUzI1NiIsInR5cCI6IkpXVCJ9.eyJyb2xlIjoidmVuZG9yIiwiaWQiOjUsImlhdCI6MTc2MTU2MDM4NSwiZXhwIjoxNzYyMTY1MTg1fQ.CtiTeGpb1UUJwSuH3zQWrc-GPhZWNwwrZj6YAhlvsoE 200 10.537 ms - -"}
{"timestamp":"2025-10-27 16:25:29","level":"info","message":"OPTIONS /api/notifications/noti/vendor 204 0.237 ms - 0"}
{"timestamp":"2025-10-27 16:25:29","level":"info","message":"OPTIONS /api/vendor/get 204 0.186 ms - 0"}
{"timestamp":"2025-10-27 16:25:29","level":"info","message":"GET /api/vendor/get 304 314.705 ms - -"}
{"timestamp":"2025-10-27 16:25:29","level":"info","message":"GET /api/notifications/noti/vendor 304 329.978 ms - -"}
{"timestamp":"2025-10-27 16:25:38","level":"info","message":"OPTIONS /api/notifications/noti/buyer 204 0.297 ms - 0"}
{"timestamp":"2025-10-27 16:25:38","level":"info","message":"OPTIONS /api/buyer/get 204 0.319 ms - 0"}
{"timestamp":"2025-10-27 16:25:39","level":"info","message":"GET /api/notifications/noti/buyer 304 394.746 ms - -"}
{"timestamp":"2025-10-27 16:25:39","level":"info","message":"GET /api/buyer/get 304 390.545 ms - -"}
{"timestamp":"2025-10-27 16:25:47","level":"info","message":"OPTIONS /api/notifications/noti/buyer 204 0.329 ms - 0"}
{"timestamp":"2025-10-27 16:25:47","level":"info","message":"OPTIONS /api/notifications/noti/vendor 204 0.277 ms - 0"}
{"timestamp":"2025-10-27 16:25:48","level":"info","message":"GET /api/notifications/noti/buyer 304 409.076 ms - -"}
{"timestamp":"2025-10-27 16:25:48","level":"info","message":"GET /api/notifications/noti/vendor 304 433.410 ms - -"}
{"timestamp":"2025-10-27 16:25:52","level":"info","message":"GET /api/notifications/noti/vendor 304 329.205 ms - -"}
{"timestamp":"2025-10-27 16:25:52","level":"info","message":"GET /api/notifications/noti/buyer 304 317.629 ms - -"}
{"timestamp":"2025-10-27 16:26:58","level":"info","message":"OPTIONS /api/notifications/check/buyer 204 0.189 ms - 0"}
{"timestamp":"2025-10-27 16:26:58","level":"info","message":"GET /api/notifications/check/buyer 304 384.378 ms - -"}
{"timestamp":"2025-10-27 16:27:03","level":"info","message":"OPTIONS /api/orders/all 204 0.710 ms - 0"}
{"timestamp":"2025-10-27 16:27:03","level":"info","message":"GET /api/orders/all 200 639.498 ms - 27278"}
{"timestamp":"2025-10-27 16:27:09","level":"info","message":"OPTIONS /api/notifications/check/vendor 204 0.172 ms - 0"}
{"timestamp":"2025-10-27 16:27:09","level":"info","message":"GET /api/notifications/check/vendor 304 310.427 ms - -"}
{"timestamp":"2025-10-27 16:27:13","level":"info","message":"OPTIONS /api/vendor/get 204 0.220 ms - 0"}
{"timestamp":"2025-10-27 16:27:13","level":"info","message":"GET /api/vendor/get 304 315.976 ms - -"}
{"timestamp":"2025-10-27 16:27:15","level":"info","message":"OPTIONS /api/products/vendor 204 0.158 ms - 0"}
{"timestamp":"2025-10-27 16:27:15","level":"info","message":"GET /api/products/vendor 200 378.023 ms - 1985"}
{"timestamp":"2025-10-27 16:27:16","level":"info","message":"OPTIONS /api/notifications/check/buyer 204 0.242 ms - 0"}
{"timestamp":"2025-10-27 16:27:16","level":"info","message":"GET /api/notifications/check/buyer 304 313.938 ms - -"}
{"timestamp":"2025-10-27 16:27:23","level":"info","message":"GET /api/products/search/lenscart 200 646.083 ms - 59"}
{"timestamp":"2025-10-27 16:27:28","level":"info","message":"GET /api/products/search/lenscart 304 641.504 ms - -"}
{"timestamp":"2025-10-27 16:27:33","level":"info","message":"GET /api/products/search/lens 200 822.729 ms - 251"}
{"timestamp":"2025-10-27 16:27:36","level":"info","message":"GET /api/products/product/34 200 619.578 ms - 484"}
{"timestamp":"2025-10-27 16:27:36","level":"info","message":"OPTIONS /api/cart/in-cart/34 204 1.218 ms - 0"}
{"timestamp":"2025-10-27 16:27:36","level":"info","message":"GET /api/cart/in-cart/34 304 311.738 ms - -"}
{"timestamp":"2025-10-27 16:27:41","level":"info","message":"OPTIONS /api/notifications/subscribe/vendor 204 0.442 ms - 0"}
{"timestamp":"2025-10-27 16:27:41","level":"info","message":"POST /api/notifications/subscribe/vendor 200 326.127 ms - 37"}
{"timestamp":"2025-10-27 16:27:49","level":"info","message":"OPTIONS /api/cart/add/ 204 1.791 ms - 0"}
{"timestamp":"2025-10-27 16:27:51","level":"info","message":"POST /api/cart/add/ 201 2344.676 ms - 50"}
{"timestamp":"2025-10-27 16:28:09","level":"info","message":"GET /api/orders/updates/vendor/eyJhbGciOiJIUzI1NiIsInR5cCI6IkpXVCJ9.eyJyb2xlIjoidmVuZG9yIiwiaWQiOjUsImlhdCI6MTc2MTU2MDM4NSwiZXhwIjoxNzYyMTY1MTg1fQ.CtiTeGpb1UUJwSuH3zQWrc-GPhZWNwwrZj6YAhlvsoE 200 1.561 ms - -"}
{"timestamp":"2025-10-27 16:28:09","level":"info","message":"GET /api/orders/updates/buyer/eyJhbGciOiJIUzI1NiIsInR5cCI6IkpXVCJ9.eyJyb2xlIjoiYnV5ZXIiLCJpZCI6MjIsImlhdCI6MTc2MTU2MTU5MywiZXhwIjoxNzYyMTY2MzkzfQ.f5oIXp3vCA-7ktREafp-nsjXG4D0h9mImGJfabHItTE 200 3.480 ms - -"}
{"timestamp":"2025-10-27 16:28:10","level":"info","message":"GET /api/orders/updates/vendor/eyJhbGciOiJIUzI1NiIsInR5cCI6IkpXVCJ9.eyJyb2xlIjoidmVuZG9yIiwiaWQiOjUsImlhdCI6MTc2MTU2MDM4NSwiZXhwIjoxNzYyMTY1MTg1fQ.CtiTeGpb1UUJwSuH3zQWrc-GPhZWNwwrZj6YAhlvsoE 200 0.895 ms - -"}
{"timestamp":"2025-10-27 16:28:15","level":"info","message":"GET /api/orders/updates/vendor/eyJhbGciOiJIUzI1NiIsInR5cCI6IkpXVCJ9.eyJyb2xlIjoidmVuZG9yIiwiaWQiOjUsImlhdCI6MTc2MTU2MDM4NSwiZXhwIjoxNzYyMTY1MTg1fQ.CtiTeGpb1UUJwSuH3zQWrc-GPhZWNwwrZj6YAhlvsoE 200 0.863 ms - -"}
{"timestamp":"2025-10-27 16:28:15","level":"info","message":"GET /api/orders/updates/buyer/eyJhbGciOiJIUzI1NiIsInR5cCI6IkpXVCJ9.eyJyb2xlIjoiYnV5ZXIiLCJpZCI6MjIsImlhdCI6MTc2MTU2MTU5MywiZXhwIjoxNzYyMTY2MzkzfQ.f5oIXp3vCA-7ktREafp-nsjXG4D0h9mImGJfabHItTE 200 8.898 ms - -"}
{"timestamp":"2025-10-27 16:28:15","level":"info","message":"GET /api/orders/updates/buyer/eyJhbGciOiJIUzI1NiIsInR5cCI6IkpXVCJ9.eyJyb2xlIjoiYnV5ZXIiLCJpZCI6MjIsImlhdCI6MTc2MTU2MTU5MywiZXhwIjoxNzYyMTY2MzkzfQ.f5oIXp3vCA-7ktREafp-nsjXG4D0h9mImGJfabHItTE 200 1.442 ms - -"}
{"timestamp":"2025-10-27 16:28:16","level":"info","message":"GET /api/orders/updates/vendor/eyJhbGciOiJIUzI1NiIsInR5cCI6IkpXVCJ9.eyJyb2xlIjoidmVuZG9yIiwiaWQiOjUsImlhdCI6MTc2MTU2MDM4NSwiZXhwIjoxNzYyMTY1MTg1fQ.CtiTeGpb1UUJwSuH3zQWrc-GPhZWNwwrZj6YAhlvsoE 200 7.589 ms - -"}
{"timestamp":"2025-10-27 16:28:47","level":"info","message":"GET /api/orders/updates/vendor/eyJhbGciOiJIUzI1NiIsInR5cCI6IkpXVCJ9.eyJyb2xlIjoidmVuZG9yIiwiaWQiOjUsImlhdCI6MTc2MTU2MDM4NSwiZXhwIjoxNzYyMTY1MTg1fQ.CtiTeGpb1UUJwSuH3zQWrc-GPhZWNwwrZj6YAhlvsoE 200 1.940 ms - -"}
{"timestamp":"2025-10-27 16:28:47","level":"info","message":"GET /api/orders/updates/buyer/eyJhbGciOiJIUzI1NiIsInR5cCI6IkpXVCJ9.eyJyb2xlIjoiYnV5ZXIiLCJpZCI6MjIsImlhdCI6MTc2MTU2MTU5MywiZXhwIjoxNzYyMTY2MzkzfQ.f5oIXp3vCA-7ktREafp-nsjXG4D0h9mImGJfabHItTE 200 3.165 ms - -"}
{"timestamp":"2025-10-27 16:28:47","level":"info","message":"GET /api/orders/updates/vendor/eyJhbGciOiJIUzI1NiIsInR5cCI6IkpXVCJ9.eyJyb2xlIjoidmVuZG9yIiwiaWQiOjUsImlhdCI6MTc2MTU2MDM4NSwiZXhwIjoxNzYyMTY1MTg1fQ.CtiTeGpb1UUJwSuH3zQWrc-GPhZWNwwrZj6YAhlvsoE 200 0.797 ms - -"}
{"timestamp":"2025-10-27 16:28:47","level":"info","message":"GET /api/orders/updates/buyer/eyJhbGciOiJIUzI1NiIsInR5cCI6IkpXVCJ9.eyJyb2xlIjoiYnV5ZXIiLCJpZCI6MjIsImlhdCI6MTc2MTU2MTU5MywiZXhwIjoxNzYyMTY2MzkzfQ.f5oIXp3vCA-7ktREafp-nsjXG4D0h9mImGJfabHItTE 200 1.158 ms - -"}
{"timestamp":"2025-10-27 16:28:47","level":"info","message":"GET /api/orders/updates/buyer/eyJhbGciOiJIUzI1NiIsInR5cCI6IkpXVCJ9.eyJyb2xlIjoiYnV5ZXIiLCJpZCI6MjIsImlhdCI6MTc2MTU2MTU5MywiZXhwIjoxNzYyMTY2MzkzfQ.f5oIXp3vCA-7ktREafp-nsjXG4D0h9mImGJfabHItTE 200 6.450 ms - -"}
{"timestamp":"2025-10-27 16:28:48","level":"info","message":"GET /api/orders/updates/vendor/eyJhbGciOiJIUzI1NiIsInR5cCI6IkpXVCJ9.eyJyb2xlIjoidmVuZG9yIiwiaWQiOjUsImlhdCI6MTc2MTU2MDM4NSwiZXhwIjoxNzYyMTY1MTg1fQ.CtiTeGpb1UUJwSuH3zQWrc-GPhZWNwwrZj6YAhlvsoE 200 0.570 ms - -"}
{"timestamp":"2025-10-27 16:29:13","level":"info","message":"GET /api/orders/updates/vendor/eyJhbGciOiJIUzI1NiIsInR5cCI6IkpXVCJ9.eyJyb2xlIjoidmVuZG9yIiwiaWQiOjUsImlhdCI6MTc2MTU2MDM4NSwiZXhwIjoxNzYyMTY1MTg1fQ.CtiTeGpb1UUJwSuH3zQWrc-GPhZWNwwrZj6YAhlvsoE 200 9.346 ms - -"}
{"timestamp":"2025-10-27 16:29:13","level":"info","message":"GET /api/orders/updates/buyer/eyJhbGciOiJIUzI1NiIsInR5cCI6IkpXVCJ9.eyJyb2xlIjoiYnV5ZXIiLCJpZCI6MjIsImlhdCI6MTc2MTU2MTU5MywiZXhwIjoxNzYyMTY2MzkzfQ.f5oIXp3vCA-7ktREafp-nsjXG4D0h9mImGJfabHItTE 200 6.015 ms - -"}
{"timestamp":"2025-10-27 16:29:13","level":"info","message":"GET /api/orders/updates/buyer/eyJhbGciOiJIUzI1NiIsInR5cCI6IkpXVCJ9.eyJyb2xlIjoiYnV5ZXIiLCJpZCI6MjIsImlhdCI6MTc2MTU2MTU5MywiZXhwIjoxNzYyMTY2MzkzfQ.f5oIXp3vCA-7ktREafp-nsjXG4D0h9mImGJfabHItTE 200 2.220 ms - -"}
{"timestamp":"2025-10-27 16:29:14","level":"info","message":"GET /api/orders/updates/vendor/eyJhbGciOiJIUzI1NiIsInR5cCI6IkpXVCJ9.eyJyb2xlIjoidmVuZG9yIiwiaWQiOjUsImlhdCI6MTc2MTU2MDM4NSwiZXhwIjoxNzYyMTY1MTg1fQ.CtiTeGpb1UUJwSuH3zQWrc-GPhZWNwwrZj6YAhlvsoE 200 1.266 ms - -"}
{"timestamp":"2025-10-27 16:29:14","level":"info","message":"GET /api/orders/updates/vendor/eyJhbGciOiJIUzI1NiIsInR5cCI6IkpXVCJ9.eyJyb2xlIjoidmVuZG9yIiwiaWQiOjUsImlhdCI6MTc2MTU2MDM4NSwiZXhwIjoxNzYyMTY1MTg1fQ.CtiTeGpb1UUJwSuH3zQWrc-GPhZWNwwrZj6YAhlvsoE 200 4.816 ms - -"}
{"timestamp":"2025-10-27 16:29:14","level":"info","message":"GET /api/orders/updates/buyer/eyJhbGciOiJIUzI1NiIsInR5cCI6IkpXVCJ9.eyJyb2xlIjoiYnV5ZXIiLCJpZCI6MjIsImlhdCI6MTc2MTU2MTU5MywiZXhwIjoxNzYyMTY2MzkzfQ.f5oIXp3vCA-7ktREafp-nsjXG4D0h9mImGJfabHItTE 200 5.738 ms - -"}
{"timestamp":"2025-10-27 16:29:14","level":"info","message":"GET /api/orders/updates/buyer/eyJhbGciOiJIUzI1NiIsInR5cCI6IkpXVCJ9.eyJyb2xlIjoiYnV5ZXIiLCJpZCI6MjIsImlhdCI6MTc2MTU2MTU5MywiZXhwIjoxNzYyMTY2MzkzfQ.f5oIXp3vCA-7ktREafp-nsjXG4D0h9mImGJfabHItTE 200 3.667 ms - -"}
{"timestamp":"2025-10-27 16:29:15","level":"info","message":"GET /api/orders/updates/vendor/eyJhbGciOiJIUzI1NiIsInR5cCI6IkpXVCJ9.eyJyb2xlIjoidmVuZG9yIiwiaWQiOjUsImlhdCI6MTc2MTU2MDM4NSwiZXhwIjoxNzYyMTY1MTg1fQ.CtiTeGpb1UUJwSuH3zQWrc-GPhZWNwwrZj6YAhlvsoE 200 0.917 ms - -"}
{"timestamp":"2025-10-27 16:29:16","level":"info","message":"GET /api/orders/updates/vendor/eyJhbGciOiJIUzI1NiIsInR5cCI6IkpXVCJ9.eyJyb2xlIjoidmVuZG9yIiwiaWQiOjUsImlhdCI6MTc2MTU2MDM4NSwiZXhwIjoxNzYyMTY1MTg1fQ.CtiTeGpb1UUJwSuH3zQWrc-GPhZWNwwrZj6YAhlvsoE 200 2.063 ms - -"}
{"timestamp":"2025-10-27 16:29:16","level":"info","message":"GET /api/orders/updates/buyer/eyJhbGciOiJIUzI1NiIsInR5cCI6IkpXVCJ9.eyJyb2xlIjoiYnV5ZXIiLCJpZCI6MjIsImlhdCI6MTc2MTU2MTU5MywiZXhwIjoxNzYyMTY2MzkzfQ.f5oIXp3vCA-7ktREafp-nsjXG4D0h9mImGJfabHItTE 200 6.693 ms - -"}
{"timestamp":"2025-10-27 16:29:16","level":"info","message":"GET /api/orders/updates/buyer/eyJhbGciOiJIUzI1NiIsInR5cCI6IkpXVCJ9.eyJyb2xlIjoiYnV5ZXIiLCJpZCI6MjIsImlhdCI6MTc2MTU2MTU5MywiZXhwIjoxNzYyMTY2MzkzfQ.f5oIXp3vCA-7ktREafp-nsjXG4D0h9mImGJfabHItTE 200 6.910 ms - -"}
{"timestamp":"2025-10-27 16:29:17","level":"info","message":"GET /api/orders/updates/vendor/eyJhbGciOiJIUzI1NiIsInR5cCI6IkpXVCJ9.eyJyb2xlIjoidmVuZG9yIiwiaWQiOjUsImlhdCI6MTc2MTU2MDM4NSwiZXhwIjoxNzYyMTY1MTg1fQ.CtiTeGpb1UUJwSuH3zQWrc-GPhZWNwwrZj6YAhlvsoE 200 2.262 ms - -"}
{"timestamp":"2025-10-27 16:29:18","level":"info","message":"GET /api/orders/updates/vendor/eyJhbGciOiJIUzI1NiIsInR5cCI6IkpXVCJ9.eyJyb2xlIjoidmVuZG9yIiwiaWQiOjUsImlhdCI6MTc2MTU2MDM4NSwiZXhwIjoxNzYyMTY1MTg1fQ.CtiTeGpb1UUJwSuH3zQWrc-GPhZWNwwrZj6YAhlvsoE 200 0.824 ms - -"}
{"timestamp":"2025-10-27 16:29:18","level":"info","message":"GET /api/orders/updates/buyer/eyJhbGciOiJIUzI1NiIsInR5cCI6IkpXVCJ9.eyJyb2xlIjoiYnV5ZXIiLCJpZCI6MjIsImlhdCI6MTc2MTU2MTU5MywiZXhwIjoxNzYyMTY2MzkzfQ.f5oIXp3vCA-7ktREafp-nsjXG4D0h9mImGJfabHItTE 200 1.499 ms - -"}
{"timestamp":"2025-10-27 16:29:18","level":"info","message":"GET /api/orders/updates/vendor/eyJhbGciOiJIUzI1NiIsInR5cCI6IkpXVCJ9.eyJyb2xlIjoidmVuZG9yIiwiaWQiOjUsImlhdCI6MTc2MTU2MDM4NSwiZXhwIjoxNzYyMTY1MTg1fQ.CtiTeGpb1UUJwSuH3zQWrc-GPhZWNwwrZj6YAhlvsoE 200 0.895 ms - -"}
{"timestamp":"2025-10-27 16:29:18","level":"info","message":"GET /api/orders/updates/buyer/eyJhbGciOiJIUzI1NiIsInR5cCI6IkpXVCJ9.eyJyb2xlIjoiYnV5ZXIiLCJpZCI6MjIsImlhdCI6MTc2MTU2MTU5MywiZXhwIjoxNzYyMTY2MzkzfQ.f5oIXp3vCA-7ktREafp-nsjXG4D0h9mImGJfabHItTE 200 9.824 ms - -"}
{"timestamp":"2025-10-27 16:29:46","level":"info","message":"GET /api/orders/updates/buyer/eyJhbGciOiJIUzI1NiIsInR5cCI6IkpXVCJ9.eyJyb2xlIjoiYnV5ZXIiLCJpZCI6MjIsImlhdCI6MTc2MTU2MTU5MywiZXhwIjoxNzYyMTY2MzkzfQ.f5oIXp3vCA-7ktREafp-nsjXG4D0h9mImGJfabHItTE 200 2.935 ms - -"}
{"timestamp":"2025-10-27 16:29:46","level":"info","message":"GET /api/orders/updates/buyer/eyJhbGciOiJIUzI1NiIsInR5cCI6IkpXVCJ9.eyJyb2xlIjoiYnV5ZXIiLCJpZCI6MjIsImlhdCI6MTc2MTU2MTU5MywiZXhwIjoxNzYyMTY2MzkzfQ.f5oIXp3vCA-7ktREafp-nsjXG4D0h9mImGJfabHItTE 200 4.578 ms - -"}
{"timestamp":"2025-10-27 16:29:47","level":"info","message":"GET /api/orders/updates/vendor/eyJhbGciOiJIUzI1NiIsInR5cCI6IkpXVCJ9.eyJyb2xlIjoidmVuZG9yIiwiaWQiOjUsImlhdCI6MTc2MTU2MDM4NSwiZXhwIjoxNzYyMTY1MTg1fQ.CtiTeGpb1UUJwSuH3zQWrc-GPhZWNwwrZj6YAhlvsoE 200 2.304 ms - -"}
{"timestamp":"2025-10-27 16:29:47","level":"info","message":"GET /api/orders/updates/vendor/eyJhbGciOiJIUzI1NiIsInR5cCI6IkpXVCJ9.eyJyb2xlIjoidmVuZG9yIiwiaWQiOjUsImlhdCI6MTc2MTU2MDM4NSwiZXhwIjoxNzYyMTY1MTg1fQ.CtiTeGpb1UUJwSuH3zQWrc-GPhZWNwwrZj6YAhlvsoE 200 1.253 ms - -"}
{"timestamp":"2025-10-27 16:29:51","level":"info","message":"GET /api/orders/updates/buyer/eyJhbGciOiJIUzI1NiIsInR5cCI6IkpXVCJ9.eyJyb2xlIjoiYnV5ZXIiLCJpZCI6MjIsImlhdCI6MTc2MTU2MTU5MywiZXhwIjoxNzYyMTY2MzkzfQ.f5oIXp3vCA-7ktREafp-nsjXG4D0h9mImGJfabHItTE 200 1.264 ms - -"}
{"timestamp":"2025-10-27 16:29:51","level":"info","message":"GET /api/orders/updates/buyer/eyJhbGciOiJIUzI1NiIsInR5cCI6IkpXVCJ9.eyJyb2xlIjoiYnV5ZXIiLCJpZCI6MjIsImlhdCI6MTc2MTU2MTU5MywiZXhwIjoxNzYyMTY2MzkzfQ.f5oIXp3vCA-7ktREafp-nsjXG4D0h9mImGJfabHItTE 200 3.740 ms - -"}
{"timestamp":"2025-10-27 16:29:52","level":"info","message":"GET /api/orders/updates/vendor/eyJhbGciOiJIUzI1NiIsInR5cCI6IkpXVCJ9.eyJyb2xlIjoidmVuZG9yIiwiaWQiOjUsImlhdCI6MTc2MTU2MDM4NSwiZXhwIjoxNzYyMTY1MTg1fQ.CtiTeGpb1UUJwSuH3zQWrc-GPhZWNwwrZj6YAhlvsoE 200 0.764 ms - -"}
{"timestamp":"2025-10-27 16:29:52","level":"info","message":"GET /api/orders/updates/vendor/eyJhbGciOiJIUzI1NiIsInR5cCI6IkpXVCJ9.eyJyb2xlIjoidmVuZG9yIiwiaWQiOjUsImlhdCI6MTc2MTU2MDM4NSwiZXhwIjoxNzYyMTY1MTg1fQ.CtiTeGpb1UUJwSuH3zQWrc-GPhZWNwwrZj6YAhlvsoE 200 0.737 ms - -"}
{"timestamp":"2025-10-27 16:30:38","level":"info","message":"OPTIONS /api/notifications/noti/vendor 204 2.007 ms - 0"}
{"timestamp":"2025-10-27 16:30:38","level":"info","message":"OPTIONS /api/vendor/get 204 0.654 ms - 0"}
{"timestamp":"2025-10-27 16:30:39","level":"info","message":"GET /api/vendor/get 304 1075.612 ms - -"}
{"timestamp":"2025-10-27 16:30:39","level":"info","message":"GET /api/notifications/noti/vendor 200 1633.819 ms - 30"}
{"timestamp":"2025-10-27 16:30:58","level":"info","message":"OPTIONS /api/cart/update/34/2 204 0.396 ms - 0"}
{"timestamp":"2025-10-27 16:30:59","level":"info","message":"PUT /api/cart/update/34/2 200 1008.932 ms - 39"}
{"timestamp":"2025-10-27 16:31:03","level":"info","message":"OPTIONS /api/notifications/check/buyer 204 0.349 ms - 0"}
{"timestamp":"2025-10-27 16:31:04","level":"info","message":"GET /api/notifications/check/buyer 304 327.538 ms - -"}
{"timestamp":"2025-10-27 16:31:06","level":"info","message":"OPTIONS /api/cart/get 204 0.358 ms - 0"}
{"timestamp":"2025-10-27 16:31:07","level":"info","message":"GET /api/cart/get 200 804.513 ms - 476"}
{"timestamp":"2025-10-27 16:31:08","level":"info","message":"OPTIONS /api/payment/create-order 204 1.421 ms - 0"}
{"timestamp":"2025-10-27 16:31:11","level":"info","message":"POST /api/payment/create-order 201 2715.222 ms - 525"}
{"timestamp":"2025-10-27 16:31:31","level":"info","message":"OPTIONS /api/payment/verify-payment 204 0.279 ms - 0"}
{"timestamp":"2025-10-27 16:31:32","level":"info","message":"GET /api/orders/updates/vendor/eyJhbGciOiJIUzI1NiIsInR5cCI6IkpXVCJ9.eyJyb2xlIjoidmVuZG9yIiwiaWQiOjUsImlhdCI6MTc2MTU2MDM4NSwiZXhwIjoxNzYyMTY1MTg1fQ.CtiTeGpb1UUJwSuH3zQWrc-GPhZWNwwrZj6YAhlvsoE 200 4.212 ms - -"}
{"timestamp":"2025-10-27 16:31:34","level":"info","message":"POST /api/payment/verify-payment 200 3800.422 ms - 248"}
{"timestamp":"2025-10-27 16:31:37","level":"info","message":"OPTIONS /api/orders/order/109 204 0.391 ms - 0"}
{"timestamp":"2025-10-27 16:31:37","level":"info","message":"OPTIONS /api/buyer/get 204 2.177 ms - 0"}
{"timestamp":"2025-10-27 16:31:37","level":"info","message":"GET /api/buyer/get 304 374.068 ms - -"}
{"timestamp":"2025-10-27 16:31:37","level":"info","message":"GET /api/orders/order/109 200 447.993 ms - 280"}
{"timestamp":"2025-10-27 16:32:34","level":"info","message":"OPTIONS /api/notifications/noti/vendor 204 1.105 ms - 0"}
{"timestamp":"2025-10-27 16:32:34","level":"info","message":"OPTIONS /api/vendor/get 204 0.260 ms - 0"}
{"timestamp":"2025-10-27 16:32:35","level":"info","message":"GET /api/orders/updates/buyer/eyJhbGciOiJIUzI1NiIsInR5cCI6IkpXVCJ9.eyJyb2xlIjoiYnV5ZXIiLCJpZCI6MjIsImlhdCI6MTc2MTU2MTU5MywiZXhwIjoxNzYyMTY2MzkzfQ.f5oIXp3vCA-7ktREafp-nsjXG4D0h9mImGJfabHItTE 200 10.281 ms - -"}
{"timestamp":"2025-10-27 16:32:35","level":"info","message":"GET /api/notifications/noti/vendor 200 379.957 ms - 71"}
{"timestamp":"2025-10-27 16:32:35","level":"info","message":"GET /api/orders/updates/vendor/eyJhbGciOiJIUzI1NiIsInR5cCI6IkpXVCJ9.eyJyb2xlIjoidmVuZG9yIiwiaWQiOjUsImlhdCI6MTc2MTU2MDM4NSwiZXhwIjoxNzYyMTY1MTg1fQ.CtiTeGpb1UUJwSuH3zQWrc-GPhZWNwwrZj6YAhlvsoE 200 1.014 ms - -"}
{"timestamp":"2025-10-27 16:32:35","level":"info","message":"GET /api/vendor/get 304 384.732 ms - -"}
{"timestamp":"2025-10-27 16:32:35","level":"info","message":"GET /api/orders/updates/buyer/eyJhbGciOiJIUzI1NiIsInR5cCI6IkpXVCJ9.eyJyb2xlIjoiYnV5ZXIiLCJpZCI6MjIsImlhdCI6MTc2MTU2MTU5MywiZXhwIjoxNzYyMTY2MzkzfQ.f5oIXp3vCA-7ktREafp-nsjXG4D0h9mImGJfabHItTE 200 1.703 ms - -"}
{"timestamp":"2025-10-27 16:32:35","level":"info","message":"GET /api/orders/updates/buyer/eyJhbGciOiJIUzI1NiIsInR5cCI6IkpXVCJ9.eyJyb2xlIjoiYnV5ZXIiLCJpZCI6MjIsImlhdCI6MTc2MTU2MTU5MywiZXhwIjoxNzYyMTY2MzkzfQ.f5oIXp3vCA-7ktREafp-nsjXG4D0h9mImGJfabHItTE 200 1.318 ms - -"}
{"timestamp":"2025-10-27 16:33:25","level":"info","message":"OPTIONS /api/notifications/noti/vendor 204 0.290 ms - 0"}
{"timestamp":"2025-10-27 16:33:25","level":"info","message":"GET /api/notifications/noti/vendor 304 372.585 ms - -"}
{"timestamp":"2025-10-27 16:33:28","level":"info","message":"GET /api/notifications/noti/vendor 304 327.120 ms - -"}
{"timestamp":"2025-10-27 16:33:33","level":"info","message":"OPTIONS /api/notifications/noti/vendor 204 0.153 ms - 0"}
{"timestamp":"2025-10-27 16:33:33","level":"info","message":"GET /api/notifications/noti/vendor 304 306.134 ms - -"}
{"timestamp":"2025-10-27 16:33:41","level":"info","message":"OPTIONS /api/notifications/noti/vendor 204 0.277 ms - 0"}
{"timestamp":"2025-10-27 16:33:41","level":"info","message":"GET /api/notifications/noti/vendor 304 419.788 ms - -"}
{"timestamp":"2025-10-27 16:33:48","level":"info","message":"OPTIONS /api/notifications/noti/vendor 204 0.218 ms - 0"}
{"timestamp":"2025-10-27 16:33:48","level":"info","message":"GET /api/notifications/noti/vendor 304 319.210 ms - -"}
{"timestamp":"2025-10-27 16:33:52","level":"info","message":"GET /api/notifications/noti/vendor 304 300.991 ms - -"}
{"timestamp":"2025-10-27 16:33:59","level":"info","message":"OPTIONS /api/notifications/noti/vendor 204 0.222 ms - 0"}
{"timestamp":"2025-10-27 16:33:59","level":"info","message":"GET /api/notifications/noti/vendor 304 404.180 ms - -"}
{"timestamp":"2025-10-27 16:34:07","level":"info","message":"OPTIONS /api/notifications/noti/vendor 204 0.212 ms - 0"}
{"timestamp":"2025-10-27 16:34:07","level":"info","message":"GET /api/notifications/noti/vendor 304 315.151 ms - -"}
{"timestamp":"2025-10-27 16:34:17","level":"info","message":"OPTIONS /api/notifications/noti/vendor 204 0.146 ms - 0"}
{"timestamp":"2025-10-27 16:34:17","level":"info","message":"GET /api/notifications/noti/vendor 304 377.540 ms - -"}
{"timestamp":"2025-10-27 16:34:21","level":"info","message":"GET /api/notifications/noti/vendor 304 310.189 ms - -"}
{"timestamp":"2025-10-27 16:34:22","level":"info","message":"OPTIONS /api/notifications/noti/vendor 204 0.214 ms - 0"}
{"timestamp":"2025-10-27 16:34:23","level":"info","message":"GET /api/notifications/noti/vendor 304 317.715 ms - -"}
{"timestamp":"2025-10-27 16:34:23","level":"info","message":"GET /api/notifications/noti/vendor 304 324.152 ms - -"}
{"timestamp":"2025-10-27 16:34:54","level":"info","message":"OPTIONS /api/notifications/noti/vendor 204 0.236 ms - 0"}
{"timestamp":"2025-10-27 16:34:55","level":"info","message":"GET /api/notifications/noti/vendor 304 587.549 ms - -"}
{"timestamp":"2025-10-27 16:34:58","level":"info","message":"GET /api/notifications/noti/vendor 304 296.267 ms - -"}
{"timestamp":"2025-10-27 16:35:00","level":"info","message":"OPTIONS /api/notifications/noti/vendor 204 0.219 ms - 0"}
{"timestamp":"2025-10-27 16:35:00","level":"info","message":"GET /api/notifications/noti/vendor 304 293.026 ms - -"}
{"timestamp":"2025-10-27 16:35:03","level":"info","message":"GET /api/notifications/noti/vendor 304 308.031 ms - -"}
{"timestamp":"2025-10-27 16:35:06","level":"info","message":"GET /api/orders/updates/vendor/eyJhbGciOiJIUzI1NiIsInR5cCI6IkpXVCJ9.eyJyb2xlIjoidmVuZG9yIiwiaWQiOjUsImlhdCI6MTc2MTU2MDM4NSwiZXhwIjoxNzYyMTY1MTg1fQ.CtiTeGpb1UUJwSuH3zQWrc-GPhZWNwwrZj6YAhlvsoE 200 0.741 ms - -"}
{"timestamp":"2025-10-27 16:35:18","level":"info","message":"OPTIONS /api/vendor/get 204 0.246 ms - 0"}
{"timestamp":"2025-10-27 16:35:18","level":"info","message":"OPTIONS /api/notifications/noti/vendor 204 0.241 ms - 0"}
{"timestamp":"2025-10-27 16:35:18","level":"info","message":"GET /api/vendor/get 304 427.818 ms - -"}
{"timestamp":"2025-10-27 16:35:18","level":"info","message":"GET /api/notifications/noti/vendor 304 416.046 ms - -"}
{"timestamp":"2025-10-27 16:35:24","level":"info","message":"OPTIONS /api/notifications/noti/vendor 204 0.221 ms - 0"}
{"timestamp":"2025-10-27 16:35:24","level":"info","message":"GET /api/notifications/noti/vendor 304 310.353 ms - -"}
{"timestamp":"2025-10-27 16:35:28","level":"info","message":"GET /api/notifications/noti/vendor 304 306.942 ms - -"}
{"timestamp":"2025-10-27 16:35:31","level":"info","message":"OPTIONS /api/notifications/noti/vendor 204 0.335 ms - 0"}
{"timestamp":"2025-10-27 16:35:31","level":"info","message":"GET /api/notifications/noti/vendor 304 327.238 ms - -"}
{"timestamp":"2025-10-27 16:35:33","level":"info","message":"GET /api/notifications/noti/vendor 304 374.699 ms - -"}
{"timestamp":"2025-10-27 16:35:35","level":"info","message":"GET /api/notifications/noti/vendor 304 401.898 ms - -"}
{"timestamp":"2025-10-27 16:35:45","level":"info","message":"GET /api/orders/updates/vendor/eyJhbGciOiJIUzI1NiIsInR5cCI6IkpXVCJ9.eyJyb2xlIjoidmVuZG9yIiwiaWQiOjUsImlhdCI6MTc2MTU2MDM4NSwiZXhwIjoxNzYyMTY1MTg1fQ.CtiTeGpb1UUJwSuH3zQWrc-GPhZWNwwrZj6YAhlvsoE 200 14.091 ms - -"}
{"timestamp":"2025-10-27 16:35:49","level":"info","message":"OPTIONS /api/notifications/noti/vendor 204 0.316 ms - 0"}
{"timestamp":"2025-10-27 16:35:49","level":"info","message":"OPTIONS /api/vendor/get 204 1.202 ms - 0"}
{"timestamp":"2025-10-27 16:35:49","level":"info","message":"GET /api/notifications/noti/vendor 304 810.469 ms - -"}
{"timestamp":"2025-10-27 16:35:49","level":"info","message":"GET /api/vendor/get 304 931.231 ms - -"}
{"timestamp":"2025-10-27 16:35:54","level":"info","message":"OPTIONS /api/notifications/noti/vendor 204 0.205 ms - 0"}
{"timestamp":"2025-10-27 16:35:54","level":"info","message":"GET /api/notifications/noti/vendor 304 362.979 ms - -"}
{"timestamp":"2025-10-27 16:36:03","level":"info","message":"OPTIONS /api/notifications/noti/vendor 204 0.260 ms - 0"}
{"timestamp":"2025-10-27 16:36:03","level":"info","message":"GET /api/notifications/noti/vendor 304 370.046 ms - -"}
{"timestamp":"2025-10-27 16:36:08","level":"info","message":"GET /api/notifications/noti/vendor 304 448.657 ms - -"}
{"timestamp":"2025-10-27 16:36:33","level":"info","message":"OPTIONS /api/notifications/noti/vendor 204 0.195 ms - 0"}
{"timestamp":"2025-10-27 16:36:34","level":"info","message":"GET /api/notifications/noti/vendor 304 435.613 ms - -"}
{"timestamp":"2025-10-27 16:37:05","level":"info","message":"OPTIONS /api/notifications/noti/vendor 204 0.230 ms - 0"}
{"timestamp":"2025-10-27 16:37:05","level":"info","message":"GET /api/notifications/noti/vendor 304 442.185 ms - -"}
{"timestamp":"2025-10-27 16:37:23","level":"info","message":"OPTIONS /api/notifications/noti/vendor 204 2.366 ms - 0"}
{"timestamp":"2025-10-27 16:37:24","level":"info","message":"GET /api/notifications/noti/vendor 304 438.615 ms - -"}
{"timestamp":"2025-10-27 16:37:27","level":"info","message":"GET /api/notifications/noti/vendor 304 375.715 ms - -"}
{"timestamp":"2025-10-27 16:37:39","level":"info","message":"OPTIONS /api/notifications/noti/vendor 204 0.146 ms - 0"}
{"timestamp":"2025-10-27 16:37:40","level":"info","message":"GET /api/notifications/noti/vendor 304 440.717 ms - -"}
{"timestamp":"2025-10-27 16:37:46","level":"info","message":"OPTIONS /api/notifications/noti/vendor 204 0.230 ms - 0"}
{"timestamp":"2025-10-27 16:37:47","level":"info","message":"GET /api/notifications/noti/vendor 304 376.406 ms - -"}
{"timestamp":"2025-10-27 16:37:51","level":"info","message":"GET /api/notifications/noti/vendor 304 365.128 ms - -"}
{"timestamp":"2025-10-27 16:37:54","level":"info","message":"OPTIONS /api/notifications/noti/vendor 204 0.235 ms - 0"}
{"timestamp":"2025-10-27 16:37:54","level":"info","message":"GET /api/notifications/noti/vendor 304 358.234 ms - -"}
{"timestamp":"2025-10-27 16:37:59","level":"info","message":"GET /api/notifications/noti/vendor 304 431.600 ms - -"}
{"timestamp":"2025-10-27 16:38:18","level":"info","message":"OPTIONS /api/notifications/noti/vendor 204 0.266 ms - 0"}
{"timestamp":"2025-10-27 16:38:18","level":"info","message":"GET /api/notifications/noti/vendor 304 431.787 ms - -"}
{"timestamp":"2025-10-27 16:38:21","level":"info","message":"GET /api/notifications/noti/vendor 304 365.484 ms - -"}
{"timestamp":"2025-10-27 16:38:26","level":"info","message":"OPTIONS /api/notifications/noti/vendor 204 0.143 ms - 0"}
{"timestamp":"2025-10-27 16:38:26","level":"info","message":"GET /api/notifications/noti/vendor 304 355.078 ms - -"}
{"timestamp":"2025-10-27 16:38:30","level":"info","message":"GET /api/notifications/noti/vendor 304 401.934 ms - -"}
{"timestamp":"2025-10-27 16:38:37","level":"info","message":"OPTIONS /api/notifications/noti/vendor 204 0.149 ms - 0"}
{"timestamp":"2025-10-27 16:38:37","level":"info","message":"GET /api/notifications/noti/vendor 304 433.667 ms - -"}
{"timestamp":"2025-10-27 16:38:42","level":"info","message":"GET /api/notifications/noti/vendor 304 371.772 ms - -"}
{"timestamp":"2025-10-27 16:38:43","level":"info","message":"OPTIONS /api/notifications/noti/vendor 204 0.212 ms - 0"}
{"timestamp":"2025-10-27 16:38:44","level":"info","message":"GET /api/notifications/noti/vendor 304 355.906 ms - -"}
{"timestamp":"2025-10-27 16:38:47","level":"info","message":"GET /api/notifications/noti/vendor 304 364.716 ms - -"}
{"timestamp":"2025-10-27 16:38:52","level":"info","message":"OPTIONS /api/notifications/noti/vendor 204 0.239 ms - 0"}
{"timestamp":"2025-10-27 16:38:52","level":"info","message":"GET /api/notifications/noti/vendor 304 431.530 ms - -"}
{"timestamp":"2025-10-27 16:39:00","level":"info","message":"OPTIONS /api/notifications/noti/vendor 204 0.203 ms - 0"}
{"timestamp":"2025-10-27 16:39:01","level":"info","message":"GET /api/notifications/noti/vendor 304 380.964 ms - -"}
{"timestamp":"2025-10-27 16:39:09","level":"info","message":"OPTIONS /api/notifications/noti/vendor 204 0.167 ms - 0"}
{"timestamp":"2025-10-27 16:39:10","level":"info","message":"GET /api/notifications/noti/vendor 304 433.028 ms - -"}
{"timestamp":"2025-10-27 16:39:10","level":"info","message":"GET /api/notifications/noti/vendor 200 392.622 ms - 71"}
{"timestamp":"2025-10-27 16:39:10","level":"info","message":"GET /api/notifications/noti/vendor 200 974.290 ms - 71"}
{"timestamp":"2025-10-27 16:39:31","level":"info","message":"OPTIONS /api/notifications/noti/vendor 204 0.247 ms - 0"}
{"timestamp":"2025-10-27 16:39:31","level":"info","message":"GET /api/notifications/noti/vendor 304 388.126 ms - -"}
{"timestamp":"2025-10-27 16:39:33","level":"info","message":"GET /api/orders/updates/vendor/eyJhbGciOiJIUzI1NiIsInR5cCI6IkpXVCJ9.eyJyb2xlIjoidmVuZG9yIiwiaWQiOjUsImlhdCI6MTc2MTU2MDM4NSwiZXhwIjoxNzYyMTY1MTg1fQ.CtiTeGpb1UUJwSuH3zQWrc-GPhZWNwwrZj6YAhlvsoE 200 1.123 ms - -"}
{"timestamp":"2025-10-27 16:39:34","level":"info","message":"OPTIONS /api/vendor/get 204 0.190 ms - 0"}
{"timestamp":"2025-10-27 16:39:34","level":"info","message":"GET /api/notifications/noti/vendor 304 311.953 ms - -"}
{"timestamp":"2025-10-27 16:39:34","level":"info","message":"GET /api/vendor/get 304 377.591 ms - -"}
{"timestamp":"2025-10-27 16:39:51","level":"info","message":"OPTIONS /api/notifications/noti/vendor 204 0.249 ms - 0"}
{"timestamp":"2025-10-27 16:39:51","level":"info","message":"GET /api/notifications/noti/vendor 304 399.393 ms - -"}
{"timestamp":"2025-10-27 16:39:52","level":"info","message":"GET /api/orders/updates/vendor/eyJhbGciOiJIUzI1NiIsInR5cCI6IkpXVCJ9.eyJyb2xlIjoidmVuZG9yIiwiaWQiOjUsImlhdCI6MTc2MTU2MDM4NSwiZXhwIjoxNzYyMTY1MTg1fQ.CtiTeGpb1UUJwSuH3zQWrc-GPhZWNwwrZj6YAhlvsoE 200 1.286 ms - -"}
{"timestamp":"2025-10-27 16:39:53","level":"info","message":"OPTIONS /api/vendor/get 204 2.612 ms - 0"}
{"timestamp":"2025-10-27 16:39:53","level":"info","message":"GET /api/notifications/noti/vendor 304 316.306 ms - -"}
{"timestamp":"2025-10-27 16:39:53","level":"info","message":"GET /api/vendor/get 304 399.292 ms - -"}
{"timestamp":"2025-10-27 16:40:11","level":"info","message":"OPTIONS /api/notifications/noti/vendor 204 0.143 ms - 0"}
{"timestamp":"2025-10-27 16:40:11","level":"info","message":"GET /api/notifications/noti/vendor 304 368.931 ms - -"}
{"timestamp":"2025-10-27 16:40:15","level":"info","message":"GET /api/notifications/noti/vendor 304 311.539 ms - -"}
{"timestamp":"2025-10-27 16:40:26","level":"info","message":"OPTIONS /api/notifications/noti/vendor 204 0.237 ms - 0"}
{"timestamp":"2025-10-27 16:40:26","level":"info","message":"GET /api/notifications/noti/vendor 304 331.322 ms - -"}
{"timestamp":"2025-10-27 16:40:26","level":"info","message":"GET /api/notifications/noti/vendor 304 379.027 ms - -"}
{"timestamp":"2025-10-27 16:40:27","level":"info","message":"GET /api/orders/updates/vendor/eyJhbGciOiJIUzI1NiIsInR5cCI6IkpXVCJ9.eyJyb2xlIjoidmVuZG9yIiwiaWQiOjUsImlhdCI6MTc2MTU2MDM4NSwiZXhwIjoxNzYyMTY1MTg1fQ.CtiTeGpb1UUJwSuH3zQWrc-GPhZWNwwrZj6YAhlvsoE 200 1.156 ms - -"}
{"timestamp":"2025-10-27 16:40:28","level":"info","message":"OPTIONS /api/vendor/get 204 0.251 ms - 0"}
{"timestamp":"2025-10-27 16:40:28","level":"info","message":"GET /api/notifications/noti/vendor 304 308.082 ms - -"}
{"timestamp":"2025-10-27 16:40:28","level":"info","message":"GET /api/vendor/get 304 392.012 ms - -"}
{"timestamp":"2025-10-27 16:46:17","level":"info","message":"OPTIONS /api/notifications/noti/vendor 204 2.880 ms - 0"}
{"timestamp":"2025-10-27 16:46:18","level":"info","message":"GET /api/notifications/noti/vendor 304 1283.474 ms - -"}
{"timestamp":"2025-10-27 16:47:11","level":"info","message":"OPTIONS /api/notifications/noti/vendor 204 0.549 ms - 0"}
{"timestamp":"2025-10-27 16:47:11","level":"info","message":"GET /api/notifications/noti/vendor 304 393.775 ms - -"}
{"timestamp":"2025-10-27 16:47:13","level":"info","message":"OPTIONS /api/vendor/get 204 0.598 ms - 0"}
{"timestamp":"2025-10-27 16:47:13","level":"info","message":"GET /api/notifications/noti/vendor 304 312.282 ms - -"}
{"timestamp":"2025-10-27 16:47:14","level":"info","message":"GET /api/vendor/get 304 756.659 ms - -"}
{"timestamp":"2025-10-27 16:47:21","level":"info","message":"OPTIONS /api/orders/order/109 204 8.631 ms - 0"}
{"timestamp":"2025-10-27 16:47:21","level":"info","message":"OPTIONS /api/buyer/get 204 0.386 ms - 0"}
{"timestamp":"2025-10-27 16:47:22","level":"info","message":"GET /api/buyer/get 304 362.194 ms - -"}
{"timestamp":"2025-10-27 16:47:22","level":"info","message":"GET /api/orders/order/109 304 471.937 ms - -"}
{"timestamp":"2025-10-27 16:47:23","level":"info","message":"OPTIONS /api/notifications/check/buyer 204 0.420 ms - 0"}
{"timestamp":"2025-10-27 16:47:23","level":"info","message":"GET /api/notifications/check/buyer 304 320.875 ms - -"}
{"timestamp":"2025-10-27 16:47:26","level":"info","message":"OPTIONS /api/notifications/noti/buyer 204 0.322 ms - 0"}
{"timestamp":"2025-10-27 16:47:26","level":"info","message":"GET /api/notifications/noti/buyer 304 306.750 ms - -"}
{"timestamp":"2025-10-27 16:47:29","level":"info","message":"OPTIONS /api/notifications/buyer/1 204 0.964 ms - 0"}
{"timestamp":"2025-10-27 16:47:29","level":"info","message":"DELETE /api/notifications/buyer/1 404 6.282 ms - 167"}
{"timestamp":"2025-10-27 16:48:33","level":"info","message":"OPTIONS /api/notifications/noti/buyer 204 0.320 ms - 0"}
{"timestamp":"2025-10-27 16:48:34","level":"info","message":"GET /api/notifications/noti/buyer 304 381.981 ms - -"}
{"timestamp":"2025-10-27 16:48:34","level":"info","message":"OPTIONS /api/notifications/noti/vendor 204 0.309 ms - 0"}
{"timestamp":"2025-10-27 16:48:35","level":"info","message":"GET /api/notifications/noti/vendor 304 322.828 ms - -"}
{"timestamp":"2025-10-27 16:48:41","level":"info","message":"GET /api/orders/updates/buyer/eyJhbGciOiJIUzI1NiIsInR5cCI6IkpXVCJ9.eyJyb2xlIjoiYnV5ZXIiLCJpZCI6MjIsImlhdCI6MTc2MTU2MTU5MywiZXhwIjoxNzYyMTY2MzkzfQ.f5oIXp3vCA-7ktREafp-nsjXG4D0h9mImGJfabHItTE 200 2.726 ms - -"}
{"timestamp":"2025-10-27 16:48:42","level":"info","message":"OPTIONS /api/notifications/noti/buyer 204 0.293 ms - 0"}
{"timestamp":"2025-10-27 16:48:42","level":"info","message":"OPTIONS /api/buyer/get 204 0.298 ms - 0"}
{"timestamp":"2025-10-27 16:48:42","level":"info","message":"GET /api/notifications/noti/buyer 304 348.975 ms - -"}
{"timestamp":"2025-10-27 16:48:42","level":"info","message":"GET /api/buyer/get 304 402.877 ms - -"}
{"timestamp":"2025-10-27 16:48:44","level":"info","message":"OPTIONS /api/notifications/delete/buyer/2 204 0.745 ms - 0"}
{"timestamp":"2025-10-27 16:48:45","level":"info","message":"DELETE /api/notifications/delete/buyer/2 200 665.836 ms - 319"}
{"timestamp":"2025-10-27 16:48:49","level":"info","message":"GET /api/orders/updates/buyer/eyJhbGciOiJIUzI1NiIsInR5cCI6IkpXVCJ9.eyJyb2xlIjoiYnV5ZXIiLCJpZCI6MjIsImlhdCI6MTc2MTU2MTU5MywiZXhwIjoxNzYyMTY2MzkzfQ.f5oIXp3vCA-7ktREafp-nsjXG4D0h9mImGJfabHItTE 200 3.475 ms - -"}
{"timestamp":"2025-10-27 16:48:50","level":"info","message":"OPTIONS /api/notifications/noti/buyer 204 0.260 ms - 0"}
{"timestamp":"2025-10-27 16:48:50","level":"info","message":"OPTIONS /api/buyer/get 204 0.175 ms - 0"}
{"timestamp":"2025-10-27 16:48:50","level":"info","message":"GET /api/notifications/noti/buyer 200 320.433 ms - 304"}
{"timestamp":"2025-10-27 16:48:50","level":"info","message":"GET /api/buyer/get 304 387.517 ms - -"}
{"timestamp":"2025-10-27 16:48:58","level":"info","message":"OPTIONS /api/notifications/delete/vendor/0 204 0.852 ms - 0"}
{"timestamp":"2025-10-27 16:48:59","level":"info","message":"DELETE /api/notifications/delete/vendor/0 200 649.498 ms - 30"}
{"timestamp":"2025-10-27 16:49:03","level":"info","message":"GET /api/orders/updates/vendor/eyJhbGciOiJIUzI1NiIsInR5cCI6IkpXVCJ9.eyJyb2xlIjoidmVuZG9yIiwiaWQiOjUsImlhdCI6MTc2MTU2MDM4NSwiZXhwIjoxNzYyMTY1MTg1fQ.CtiTeGpb1UUJwSuH3zQWrc-GPhZWNwwrZj6YAhlvsoE 200 10.427 ms - -"}
{"timestamp":"2025-10-27 16:49:03","level":"info","message":"OPTIONS /api/notifications/noti/vendor 204 0.219 ms - 0"}
{"timestamp":"2025-10-27 16:49:03","level":"info","message":"OPTIONS /api/vendor/get 204 0.207 ms - 0"}
{"timestamp":"2025-10-27 16:49:04","level":"info","message":"GET /api/notifications/noti/vendor 200 314.448 ms - 15"}
{"timestamp":"2025-10-27 16:49:04","level":"info","message":"GET /api/vendor/get 304 391.579 ms - -"}
{"timestamp":"2025-10-27 16:50:57","level":"info","message":"OPTIONS /api/notifications/noti/vendor 204 0.210 ms - 0"}
{"timestamp":"2025-10-27 16:50:57","level":"info","message":"OPTIONS /api/notifications/noti/buyer 204 0.223 ms - 0"}
{"timestamp":"2025-10-27 16:50:58","level":"info","message":"GET /api/notifications/noti/vendor 304 396.001 ms - -"}
{"timestamp":"2025-10-27 16:50:58","level":"info","message":"GET /api/notifications/noti/buyer 304 383.054 ms - -"}
{"timestamp":"2025-10-27 16:51:20","level":"info","message":"OPTIONS /api/notifications/noti/vendor 204 0.296 ms - 0"}
{"timestamp":"2025-10-27 16:51:20","level":"info","message":"OPTIONS /api/notifications/noti/buyer 204 0.318 ms - 0"}
{"timestamp":"2025-10-27 16:51:21","level":"info","message":"GET /api/notifications/noti/vendor 304 376.080 ms - -"}
{"timestamp":"2025-10-27 16:51:21","level":"info","message":"GET /api/notifications/noti/buyer 304 837.840 ms - -"}
{"timestamp":"2025-10-27 16:51:24","level":"info","message":"GET /api/notifications/noti/vendor 304 317.081 ms - -"}
{"timestamp":"2025-10-27 16:51:24","level":"info","message":"GET /api/notifications/noti/buyer 304 319.995 ms - -"}
{"timestamp":"2025-10-27 16:51:38","level":"info","message":"OPTIONS /api/notifications/noti/vendor 204 0.276 ms - 0"}
{"timestamp":"2025-10-27 16:51:38","level":"info","message":"OPTIONS /api/notifications/noti/buyer 204 0.213 ms - 0"}
{"timestamp":"2025-10-27 16:51:39","level":"info","message":"GET /api/notifications/noti/vendor 304 467.764 ms - -"}
{"timestamp":"2025-10-27 16:51:39","level":"info","message":"GET /api/notifications/noti/buyer 304 404.426 ms - -"}
{"timestamp":"2025-10-27 16:51:46","level":"info","message":"GET /api/orders/updates/vendor/eyJhbGciOiJIUzI1NiIsInR5cCI6IkpXVCJ9.eyJyb2xlIjoidmVuZG9yIiwiaWQiOjUsImlhdCI6MTc2MTU2MDM4NSwiZXhwIjoxNzYyMTY1MTg1fQ.CtiTeGpb1UUJwSuH3zQWrc-GPhZWNwwrZj6YAhlvsoE 200 1.251 ms - -"}
{"timestamp":"2025-10-27 16:51:47","level":"info","message":"OPTIONS /api/notifications/noti/vendor 204 0.211 ms - 0"}
{"timestamp":"2025-10-27 16:51:47","level":"info","message":"OPTIONS /api/vendor/get 204 0.204 ms - 0"}
{"timestamp":"2025-10-27 16:51:47","level":"info","message":"GET /api/notifications/noti/vendor 304 312.474 ms - -"}
{"timestamp":"2025-10-27 16:51:47","level":"info","message":"GET /api/vendor/get 304 313.577 ms - -"}
{"timestamp":"2025-10-27 16:51:51","level":"info","message":"GET /api/orders/updates/buyer/eyJhbGciOiJIUzI1NiIsInR5cCI6IkpXVCJ9.eyJyb2xlIjoiYnV5ZXIiLCJpZCI6MjIsImlhdCI6MTc2MTU2MTU5MywiZXhwIjoxNzYyMTY2MzkzfQ.f5oIXp3vCA-7ktREafp-nsjXG4D0h9mImGJfabHItTE 200 4.875 ms - -"}
{"timestamp":"2025-10-27 16:51:52","level":"info","message":"OPTIONS /api/notifications/noti/buyer 204 0.286 ms - 0"}
{"timestamp":"2025-10-27 16:51:52","level":"info","message":"OPTIONS /api/buyer/get 204 0.266 ms - 0"}
{"timestamp":"2025-10-27 16:51:52","level":"info","message":"GET /api/notifications/noti/buyer 304 330.029 ms - -"}
{"timestamp":"2025-10-27 16:51:52","level":"info","message":"GET /api/buyer/get 304 333.868 ms - -"}
{"timestamp":"2025-10-27 16:52:05","level":"info","message":"OPTIONS /api/orders/order/109 204 0.461 ms - 0"}
{"timestamp":"2025-10-27 16:52:05","level":"info","message":"GET /api/orders/order/109 304 501.713 ms - -"}
{"timestamp":"2025-10-27 16:52:14","level":"info","message":"OPTIONS /api/notifications/check/buyer 204 0.244 ms - 0"}
{"timestamp":"2025-10-27 16:52:14","level":"info","message":"GET /api/notifications/check/buyer 304 334.946 ms - -"}
{"timestamp":"2025-10-27 16:52:18","level":"info","message":"OPTIONS /api/cart/get 204 0.378 ms - 0"}
{"timestamp":"2025-10-27 16:52:18","level":"info","message":"GET /api/cart/get 200 342.116 ms - 12"}
{"timestamp":"2025-10-27 16:52:21","level":"info","message":"OPTIONS /api/notifications/check/buyer 204 0.234 ms - 0"}
{"timestamp":"2025-10-27 16:52:21","level":"info","message":"GET /api/notifications/check/buyer 304 376.681 ms - -"}
{"timestamp":"2025-10-27 16:52:23","level":"info","message":"GET /api/products/random 200 322.453 ms - 3928"}
{"timestamp":"2025-10-27 16:52:26","level":"info","message":"GET /api/notifications/check/buyer 304 311.213 ms - -"}
{"timestamp":"2025-10-27 16:52:29","level":"info","message":"OPTIONS /api/notifications/check/buyer 204 0.319 ms - 0"}
{"timestamp":"2025-10-27 16:52:29","level":"info","message":"GET /api/notifications/check/buyer 304 306.887 ms - -"}
{"timestamp":"2025-10-27 16:52:38","level":"info","message":"GET /api/products/product/14 200 704.535 ms - 463"}
{"timestamp":"2025-10-27 16:52:38","level":"info","message":"OPTIONS /api/cart/in-cart/14 204 0.798 ms - 0"}
{"timestamp":"2025-10-27 16:52:38","level":"info","message":"GET /api/cart/in-cart/14 200 308.308 ms - 31"}
{"timestamp":"2025-10-27 16:52:44","level":"info","message":"OPTIONS /api/notifications/check/vendor 204 0.181 ms - 0"}
{"timestamp":"2025-10-27 16:52:45","level":"info","message":"GET /api/notifications/check/vendor 304 325.154 ms - -"}
{"timestamp":"2025-10-27 16:52:46","level":"info","message":"OPTIONS /api/notifications/unsubscribe/vendor 204 0.481 ms - 0"}
{"timestamp":"2025-10-27 16:52:47","level":"info","message":"POST /api/notifications/unsubscribe/vendor 200 309.861 ms - 39"}
{"timestamp":"2025-10-27 16:52:59","level":"info","message":"OPTIONS /api/vendor/login 204 0.811 ms - 0"}
{"timestamp":"2025-10-27 16:53:00","level":"info","message":"POST /api/vendor/login 200 704.683 ms - 263"}
{"timestamp":"2025-10-27 16:53:00","level":"info","message":"GET /api/orders/updates/vendor/eyJhbGciOiJIUzI1NiIsInR5cCI6IkpXVCJ9.eyJyb2xlIjoidmVuZG9yIiwiaWQiOjUsImlhdCI6MTc2MTU2MDM4NSwiZXhwIjoxNzYyMTY1MTg1fQ.CtiTeGpb1UUJwSuH3zQWrc-GPhZWNwwrZj6YAhlvsoE 200 1.263 ms - -"}
{"timestamp":"2025-10-27 16:53:05","level":"info","message":"OPTIONS /api/cart/add/ 204 0.232 ms - 0"}
{"timestamp":"2025-10-27 16:53:07","level":"info","message":"OPTIONS /api/notifications/check/buyer 204 0.973 ms - 0"}
{"timestamp":"2025-10-27 16:53:08","level":"info","message":"POST /api/cart/add/ 201 2364.189 ms - 50"}
{"timestamp":"2025-10-27 16:53:08","level":"info","message":"GET /api/notifications/check/buyer 304 973.036 ms - -"}
{"timestamp":"2025-10-27 16:53:10","level":"info","message":"OPTIONS /api/cart/get 204 0.258 ms - 0"}
{"timestamp":"2025-10-27 16:53:11","level":"info","message":"GET /api/cart/get 200 637.793 ms - 463"}
{"timestamp":"2025-10-27 16:53:12","level":"info","message":"OPTIONS /api/payment/create-order 204 0.980 ms - 0"}
{"timestamp":"2025-10-27 16:53:14","level":"info","message":"POST /api/payment/create-order 201 2430.524 ms - 522"}
{"timestamp":"2025-10-27 16:53:20","level":"info","message":"OPTIONS /api/notifications/check/vendor 204 1.041 ms - 0"}
{"timestamp":"2025-10-27 16:53:21","level":"info","message":"GET /api/notifications/check/vendor 304 354.374 ms - -"}
{"timestamp":"2025-10-27 16:53:24","level":"info","message":"OPTIONS /api/notifications/noti/vendor 204 0.153 ms - 0"}
{"timestamp":"2025-10-27 16:53:24","level":"info","message":"GET /api/notifications/noti/vendor 200 433.682 ms - 30"}
{"timestamp":"2025-10-27 16:53:40","level":"info","message":"OPTIONS /api/payment/verify-payment 204 0.277 ms - 0"}
{"timestamp":"2025-10-27 16:53:44","level":"info","message":"POST /api/payment/verify-payment 200 4258.839 ms - 249"}
{"timestamp":"2025-10-27 16:53:46","level":"info","message":"GET /api/orders/updates/buyer/eyJhbGciOiJIUzI1NiIsInR5cCI6IkpXVCJ9.eyJyb2xlIjoiYnV5ZXIiLCJpZCI6MjIsImlhdCI6MTc2MTU2MTU5MywiZXhwIjoxNzYyMTY2MzkzfQ.f5oIXp3vCA-7ktREafp-nsjXG4D0h9mImGJfabHItTE 200 1.601 ms - -"}
{"timestamp":"2025-10-27 16:53:47","level":"info","message":"OPTIONS /api/orders/order/110 204 0.261 ms - 0"}
{"timestamp":"2025-10-27 16:53:47","level":"info","message":"OPTIONS /api/buyer/get 204 0.227 ms - 0"}
{"timestamp":"2025-10-27 16:53:47","level":"info","message":"GET /api/buyer/get 304 378.595 ms - -"}
{"timestamp":"2025-10-27 16:53:47","level":"info","message":"GET /api/orders/order/110 200 514.250 ms - 283"}
{"timestamp":"2025-10-27 16:54:01","level":"info","message":"OPTIONS /api/orders/vendor 204 0.230 ms - 0"}
{"timestamp":"2025-10-27 16:54:01","level":"info","message":"GET /api/orders/vendor 200 889.374 ms - 21576"}
{"timestamp":"2025-10-27 16:54:07","level":"info","message":"OPTIONS /api/orders/order/update/item/status 204 0.321 ms - 0"}
{"timestamp":"2025-10-27 16:54:09","level":"info","message":"PUT /api/orders/order/update/item/status 200 2384.055 ms - 130"}
{"timestamp":"2025-10-27 16:54:09","level":"info","message":"GET /api/orders/updates/buyer/eyJhbGciOiJIUzI1NiIsInR5cCI6IkpXVCJ9.eyJyb2xlIjoiYnV5ZXIiLCJpZCI6MjIsImlhdCI6MTc2MTU2MTU5MywiZXhwIjoxNzYyMTY2MzkzfQ.f5oIXp3vCA-7ktREafp-nsjXG4D0h9mImGJfabHItTE 200 6.630 ms - -"}
{"timestamp":"2025-10-27 16:54:38","level":"info","message":"OPTIONS /api/orders/order/110 204 0.224 ms - 0"}
{"timestamp":"2025-10-27 16:54:38","level":"info","message":"OPTIONS /api/buyer/get 204 0.228 ms - 0"}
{"timestamp":"2025-10-27 16:54:38","level":"info","message":"GET /api/orders/updates/vendor/eyJhbGciOiJIUzI1NiIsInR5cCI6IkpXVCJ9.eyJyb2xlIjoidmVuZG9yIiwiaWQiOjQsImlhdCI6MTc2MTU2NDE4MCwiZXhwIjoxNzYyMTY4OTgwfQ.LQRTCgIAvz6uLjhdUA5TSTABTiaWHyGHZSe6g9SLdSE 200 1.616 ms - -"}
{"timestamp":"2025-10-27 16:54:39","level":"info","message":"GET /api/buyer/get 304 395.380 ms - -"}
{"timestamp":"2025-10-27 16:54:39","level":"info","message":"GET /api/orders/order/110 200 584.199 ms - 282"}
{"timestamp":"2025-10-27 16:54:40","level":"info","message":"GET /api/orders/updates/buyer/eyJhbGciOiJIUzI1NiIsInR5cCI6IkpXVCJ9.eyJyb2xlIjoiYnV5ZXIiLCJpZCI6MjIsImlhdCI6MTc2MTU2MTU5MywiZXhwIjoxNzYyMTY2MzkzfQ.f5oIXp3vCA-7ktREafp-nsjXG4D0h9mImGJfabHItTE 200 7.974 ms - -"}
{"timestamp":"2025-10-27 16:54:42","level":"info","message":"GET /api/buyer/get 304 307.086 ms - -"}
{"timestamp":"2025-10-27 16:54:42","level":"info","message":"GET /api/orders/order/110 304 503.737 ms - -"}
{"timestamp":"2025-10-27 16:54:43","level":"info","message":"OPTIONS /api/notifications/check/buyer 204 0.306 ms - 0"}
{"timestamp":"2025-10-27 16:54:43","level":"info","message":"GET /api/notifications/check/buyer 304 373.199 ms - -"}
{"timestamp":"2025-10-27 16:54:46","level":"info","message":"OPTIONS /api/notifications/noti/buyer 204 0.242 ms - 0"}
{"timestamp":"2025-10-27 16:54:46","level":"info","message":"GET /api/notifications/noti/buyer 200 357.045 ms - 350"}
{"timestamp":"2025-10-27 16:54:54","level":"info","message":"GET /api/orders/updates/buyer/eyJhbGciOiJIUzI1NiIsInR5cCI6IkpXVCJ9.eyJyb2xlIjoiYnV5ZXIiLCJpZCI6MjIsImlhdCI6MTc2MTU2MTU5MywiZXhwIjoxNzYyMTY2MzkzfQ.f5oIXp3vCA-7ktREafp-nsjXG4D0h9mImGJfabHItTE 200 5.278 ms - -"}
{"timestamp":"2025-10-27 16:54:55","level":"info","message":"OPTIONS /api/notifications/noti/buyer 204 0.246 ms - 0"}
{"timestamp":"2025-10-27 16:54:55","level":"info","message":"OPTIONS /api/buyer/get 204 0.237 ms - 0"}
{"timestamp":"2025-10-27 16:54:56","level":"info","message":"GET /api/buyer/get 304 379.687 ms - -"}
{"timestamp":"2025-10-27 16:54:56","level":"info","message":"GET /api/notifications/noti/buyer 304 460.168 ms - -"}
{"timestamp":"2025-10-27 16:55:13","level":"info","message":"OPTIONS /api/orders/order/update/item/status 204 0.746 ms - 0"}
{"timestamp":"2025-10-27 16:55:15","level":"info","message":"PUT /api/orders/order/update/item/status 200 2542.899 ms - 134"}
{"timestamp":"2025-10-27 16:55:15","level":"info","message":"GET /api/orders/updates/buyer/eyJhbGciOiJIUzI1NiIsInR5cCI6IkpXVCJ9.eyJyb2xlIjoiYnV5ZXIiLCJpZCI6MjIsImlhdCI6MTc2MTU2MTU5MywiZXhwIjoxNzYyMTY2MzkzfQ.f5oIXp3vCA-7ktREafp-nsjXG4D0h9mImGJfabHItTE 200 2.390 ms - -"}
{"timestamp":"2025-10-27 16:55:39","level":"info","message":"GET /api/orders/updates/buyer/eyJhbGciOiJIUzI1NiIsInR5cCI6IkpXVCJ9.eyJyb2xlIjoiYnV5ZXIiLCJpZCI6MjIsImlhdCI6MTc2MTU2MTU5MywiZXhwIjoxNzYyMTY2MzkzfQ.f5oIXp3vCA-7ktREafp-nsjXG4D0h9mImGJfabHItTE 200 2.582 ms - -"}
{"timestamp":"2025-10-27 16:55:40","level":"info","message":"OPTIONS /api/notifications/noti/buyer 204 0.240 ms - 0"}
{"timestamp":"2025-10-27 16:55:40","level":"info","message":"OPTIONS /api/buyer/get 204 0.261 ms - 0"}
{"timestamp":"2025-10-27 16:55:41","level":"info","message":"GET /api/buyer/get 304 373.410 ms - -"}
{"timestamp":"2025-10-27 16:55:41","level":"info","message":"GET /api/notifications/noti/buyer 200 439.377 ms - 394"}
{"timestamp":"2025-10-27 16:55:57","level":"info","message":"GET /api/orders/updates/buyer/eyJhbGciOiJIUzI1NiIsInR5cCI6IkpXVCJ9.eyJyb2xlIjoiYnV5ZXIiLCJpZCI6MjIsImlhdCI6MTc2MTU2MTU5MywiZXhwIjoxNzYyMTY2MzkzfQ.f5oIXp3vCA-7ktREafp-nsjXG4D0h9mImGJfabHItTE 200 1.696 ms - -"}
{"timestamp":"2025-10-27 16:55:57","level":"info","message":"GET /api/orders/updates/vendor/eyJhbGciOiJIUzI1NiIsInR5cCI6IkpXVCJ9.eyJyb2xlIjoidmVuZG9yIiwiaWQiOjQsImlhdCI6MTc2MTU2NDE4MCwiZXhwIjoxNzYyMTY4OTgwfQ.LQRTCgIAvz6uLjhdUA5TSTABTiaWHyGHZSe6g9SLdSE 200 1.034 ms - -"}
{"timestamp":"2025-10-27 16:55:57","level":"info","message":"OPTIONS /api/orders/order/108 204 0.281 ms - 0"}
{"timestamp":"2025-10-27 16:55:57","level":"info","message":"OPTIONS /api/buyer/get 204 0.226 ms - 0"}
{"timestamp":"2025-10-27 16:55:58","level":"info","message":"GET /api/orders/updates/vendor/eyJhbGciOiJIUzI1NiIsInR5cCI6IkpXVCJ9.eyJyb2xlIjoidmVuZG9yIiwiaWQiOjUsImlhdCI6MTc2MTU2MDM4NSwiZXhwIjoxNzYyMTY1MTg1fQ.CtiTeGpb1UUJwSuH3zQWrc-GPhZWNwwrZj6YAhlvsoE 200 2.965 ms - -"}
{"timestamp":"2025-10-27 16:55:58","level":"info","message":"GET /api/buyer/get 304 373.215 ms - -"}
{"timestamp":"2025-10-27 16:55:58","level":"info","message":"GET /api/orders/order/108 304 571.777 ms - -"}
{"timestamp":"2025-10-27 16:56:00","level":"info","message":"GET /api/orders/updates/buyer/eyJhbGciOiJIUzI1NiIsInR5cCI6IkpXVCJ9.eyJyb2xlIjoiYnV5ZXIiLCJpZCI6MjIsImlhdCI6MTc2MTU2MTU5MywiZXhwIjoxNzYyMTY2MzkzfQ.f5oIXp3vCA-7ktREafp-nsjXG4D0h9mImGJfabHItTE 200 2.153 ms - -"}
{"timestamp":"2025-10-27 16:56:00","level":"info","message":"GET /api/orders/updates/vendor/eyJhbGciOiJIUzI1NiIsInR5cCI6IkpXVCJ9.eyJyb2xlIjoidmVuZG9yIiwiaWQiOjQsImlhdCI6MTc2MTU2NDE4MCwiZXhwIjoxNzYyMTY4OTgwfQ.LQRTCgIAvz6uLjhdUA5TSTABTiaWHyGHZSe6g9SLdSE 200 0.790 ms - -"}
{"timestamp":"2025-10-27 16:56:00","level":"info","message":"GET /api/orders/updates/buyer/eyJhbGciOiJIUzI1NiIsInR5cCI6IkpXVCJ9.eyJyb2xlIjoiYnV5ZXIiLCJpZCI6MjIsImlhdCI6MTc2MTU2MTU5MywiZXhwIjoxNzYyMTY2MzkzfQ.f5oIXp3vCA-7ktREafp-nsjXG4D0h9mImGJfabHItTE 200 4.380 ms - -"}
{"timestamp":"2025-10-27 16:56:01","level":"info","message":"GET /api/orders/updates/vendor/eyJhbGciOiJIUzI1NiIsInR5cCI6IkpXVCJ9.eyJyb2xlIjoidmVuZG9yIiwiaWQiOjUsImlhdCI6MTc2MTU2MDM4NSwiZXhwIjoxNzYyMTY1MTg1fQ.CtiTeGpb1UUJwSuH3zQWrc-GPhZWNwwrZj6YAhlvsoE 200 4.803 ms - -"}
{"timestamp":"2025-10-27 16:56:12","level":"info","message":"GET /api/orders/updates/vendor/eyJhbGciOiJIUzI1NiIsInR5cCI6IkpXVCJ9.eyJyb2xlIjoidmVuZG9yIiwiaWQiOjQsImlhdCI6MTc2MTU2NDE4MCwiZXhwIjoxNzYyMTY4OTgwfQ.LQRTCgIAvz6uLjhdUA5TSTABTiaWHyGHZSe6g9SLdSE 200 1.438 ms - -"}
{"timestamp":"2025-10-27 16:56:12","level":"info","message":"GET /api/orders/updates/buyer/eyJhbGciOiJIUzI1NiIsInR5cCI6IkpXVCJ9.eyJyb2xlIjoiYnV5ZXIiLCJpZCI6MjIsImlhdCI6MTc2MTU2MTU5MywiZXhwIjoxNzYyMTY2MzkzfQ.f5oIXp3vCA-7ktREafp-nsjXG4D0h9mImGJfabHItTE 200 2.632 ms - -"}
{"timestamp":"2025-10-27 16:56:12","level":"info","message":"GET /api/orders/updates/buyer/eyJhbGciOiJIUzI1NiIsInR5cCI6IkpXVCJ9.eyJyb2xlIjoiYnV5ZXIiLCJpZCI6MjIsImlhdCI6MTc2MTU2MTU5MywiZXhwIjoxNzYyMTY2MzkzfQ.f5oIXp3vCA-7ktREafp-nsjXG4D0h9mImGJfabHItTE 200 5.540 ms - -"}
{"timestamp":"2025-10-27 16:56:13","level":"info","message":"GET /api/orders/updates/vendor/eyJhbGciOiJIUzI1NiIsInR5cCI6IkpXVCJ9.eyJyb2xlIjoidmVuZG9yIiwiaWQiOjUsImlhdCI6MTc2MTU2MDM4NSwiZXhwIjoxNzYyMTY1MTg1fQ.CtiTeGpb1UUJwSuH3zQWrc-GPhZWNwwrZj6YAhlvsoE 200 0.551 ms - -"}
{"timestamp":"2025-10-27 16:56:16","level":"info","message":"GET /api/orders/updates/vendor/eyJhbGciOiJIUzI1NiIsInR5cCI6IkpXVCJ9.eyJyb2xlIjoidmVuZG9yIiwiaWQiOjQsImlhdCI6MTc2MTU2NDE4MCwiZXhwIjoxNzYyMTY4OTgwfQ.LQRTCgIAvz6uLjhdUA5TSTABTiaWHyGHZSe6g9SLdSE 200 1.506 ms - -"}
{"timestamp":"2025-10-27 16:56:16","level":"info","message":"GET /api/orders/updates/buyer/eyJhbGciOiJIUzI1NiIsInR5cCI6IkpXVCJ9.eyJyb2xlIjoiYnV5ZXIiLCJpZCI6MjIsImlhdCI6MTc2MTU2MTU5MywiZXhwIjoxNzYyMTY2MzkzfQ.f5oIXp3vCA-7ktREafp-nsjXG4D0h9mImGJfabHItTE 200 7.100 ms - -"}
{"timestamp":"2025-10-27 16:56:16","level":"info","message":"GET /api/orders/updates/vendor/eyJhbGciOiJIUzI1NiIsInR5cCI6IkpXVCJ9.eyJyb2xlIjoidmVuZG9yIiwiaWQiOjQsImlhdCI6MTc2MTU2NDE4MCwiZXhwIjoxNzYyMTY4OTgwfQ.LQRTCgIAvz6uLjhdUA5TSTABTiaWHyGHZSe6g9SLdSE 200 0.813 ms - -"}
{"timestamp":"2025-10-27 16:56:16","level":"info","message":"GET /api/orders/updates/buyer/eyJhbGciOiJIUzI1NiIsInR5cCI6IkpXVCJ9.eyJyb2xlIjoiYnV5ZXIiLCJpZCI6MjIsImlhdCI6MTc2MTU2MTU5MywiZXhwIjoxNzYyMTY2MzkzfQ.f5oIXp3vCA-7ktREafp-nsjXG4D0h9mImGJfabHItTE 200 1.168 ms - -"}
{"timestamp":"2025-10-27 16:56:16","level":"info","message":"GET /api/orders/updates/buyer/eyJhbGciOiJIUzI1NiIsInR5cCI6IkpXVCJ9.eyJyb2xlIjoiYnV5ZXIiLCJpZCI6MjIsImlhdCI6MTc2MTU2MTU5MywiZXhwIjoxNzYyMTY2MzkzfQ.f5oIXp3vCA-7ktREafp-nsjXG4D0h9mImGJfabHItTE 200 1.026 ms - -"}
{"timestamp":"2025-10-27 16:56:17","level":"info","message":"GET /api/orders/updates/vendor/eyJhbGciOiJIUzI1NiIsInR5cCI6IkpXVCJ9.eyJyb2xlIjoidmVuZG9yIiwiaWQiOjUsImlhdCI6MTc2MTU2MDM4NSwiZXhwIjoxNzYyMTY1MTg1fQ.CtiTeGpb1UUJwSuH3zQWrc-GPhZWNwwrZj6YAhlvsoE 200 0.947 ms - -"}
{"timestamp":"2025-10-27 16:56:23","level":"info","message":"OPTIONS /api/orders/order/update/item/status 204 0.813 ms - 0"}
{"timestamp":"2025-10-27 16:56:26","level":"info","message":"PUT /api/orders/order/update/item/status 200 2854.773 ms - 140"}
{"timestamp":"2025-10-27 16:56:26","level":"info","message":"GET /api/orders/updates/buyer/eyJhbGciOiJIUzI1NiIsInR5cCI6IkpXVCJ9.eyJyb2xlIjoiYnV5ZXIiLCJpZCI6MjIsImlhdCI6MTc2MTU2MTU5MywiZXhwIjoxNzYyMTY2MzkzfQ.f5oIXp3vCA-7ktREafp-nsjXG4D0h9mImGJfabHItTE 200 2.839 ms - -"}
{"timestamp":"2025-10-27 16:56:41","level":"info","message":"GET /api/orders/updates/buyer/eyJhbGciOiJIUzI1NiIsInR5cCI6IkpXVCJ9.eyJyb2xlIjoiYnV5ZXIiLCJpZCI6MjIsImlhdCI6MTc2MTU2MTU5MywiZXhwIjoxNzYyMTY2MzkzfQ.f5oIXp3vCA-7ktREafp-nsjXG4D0h9mImGJfabHItTE 200 2.678 ms - -"}
{"timestamp":"2025-10-27 16:56:42","level":"info","message":"OPTIONS /api/notifications/noti/buyer 204 0.286 ms - 0"}
{"timestamp":"2025-10-27 16:56:42","level":"info","message":"OPTIONS /api/buyer/get 204 0.329 ms - 0"}
{"timestamp":"2025-10-27 16:56:42","level":"info","message":"GET /api/notifications/noti/buyer 200 429.628 ms - 444"}
{"timestamp":"2025-10-27 16:56:43","level":"info","message":"GET /api/buyer/get 304 919.603 ms - -"}
{"timestamp":"2025-10-27 16:57:50","level":"info","message":"OPTIONS /api/notifications/noti/buyer 204 0.250 ms - 0"}
{"timestamp":"2025-10-27 16:57:51","level":"info","message":"GET /api/notifications/noti/buyer 304 384.185 ms - -"}
{"timestamp":"2025-10-27 16:57:51","level":"info","message":"OPTIONS /api/orders/order/108 204 0.299 ms - 0"}
{"timestamp":"2025-10-27 16:57:51","level":"info","message":"OPTIONS /api/buyer/get 204 0.330 ms - 0"}
{"timestamp":"2025-10-27 16:57:52","level":"info","message":"GET /api/orders/order/108 304 426.605 ms - -"}
{"timestamp":"2025-10-27 16:57:52","level":"info","message":"GET /api/buyer/get 304 429.574 ms - -"}
{"timestamp":"2025-10-27 16:57:55","level":"info","message":"GET /api/notifications/noti/buyer 304 313.220 ms - -"}
{"timestamp":"2025-10-27 16:58:01","level":"info","message":"GET /api/orders/updates/buyer/eyJhbGciOiJIUzI1NiIsInR5cCI6IkpXVCJ9.eyJyb2xlIjoiYnV5ZXIiLCJpZCI6MjIsImlhdCI6MTc2MTU2MTU5MywiZXhwIjoxNzYyMTY2MzkzfQ.f5oIXp3vCA-7ktREafp-nsjXG4D0h9mImGJfabHItTE 200 1.592 ms - -"}
{"timestamp":"2025-10-27 16:58:02","level":"info","message":"OPTIONS /api/notifications/noti/buyer 204 0.368 ms - 0"}
{"timestamp":"2025-10-27 16:58:02","level":"info","message":"OPTIONS /api/buyer/get 204 0.248 ms - 0"}
{"timestamp":"2025-10-27 16:58:02","level":"info","message":"GET /api/notifications/noti/buyer 304 326.301 ms - -"}
{"timestamp":"2025-10-27 16:58:02","level":"info","message":"GET /api/orders/updates/buyer/eyJhbGciOiJIUzI1NiIsInR5cCI6IkpXVCJ9.eyJyb2xlIjoiYnV5ZXIiLCJpZCI6MjIsImlhdCI6MTc2MTU2MTU5MywiZXhwIjoxNzYyMTY2MzkzfQ.f5oIXp3vCA-7ktREafp-nsjXG4D0h9mImGJfabHItTE 200 1.481 ms - -"}
{"timestamp":"2025-10-27 16:58:02","level":"info","message":"GET /api/buyer/get 304 359.287 ms - -"}
{"timestamp":"2025-10-27 16:58:06","level":"info","message":"GET /api/notifications/noti/buyer 304 352.990 ms - -"}
{"timestamp":"2025-10-27 16:58:06","level":"info","message":"GET /api/buyer/get 304 388.032 ms - -"}
{"timestamp":"2025-10-27 16:58:08","level":"info","message":"OPTIONS /api/notifications/noti/buyer 204 0.382 ms - 0"}
{"timestamp":"2025-10-27 16:58:09","level":"info","message":"GET /api/notifications/noti/buyer 304 325.209 ms - -"}
{"timestamp":"2025-10-27 16:58:12","level":"info","message":"GET /api/notifications/noti/buyer 304 313.884 ms - -"}
{"timestamp":"2025-10-27 16:58:14","level":"info","message":"OPTIONS /api/notifications/noti/buyer 204 0.215 ms - 0"}
{"timestamp":"2025-10-27 16:58:14","level":"info","message":"GET /api/notifications/noti/buyer 304 313.300 ms - -"}
{"timestamp":"2025-10-27 16:58:29","level":"info","message":"OPTIONS /api/notifications/noti/buyer 204 0.224 ms - 0"}
{"timestamp":"2025-10-27 16:58:29","level":"info","message":"GET /api/notifications/noti/buyer 304 410.884 ms - -"}
{"timestamp":"2025-10-27 16:58:31","level":"info","message":"GET /api/orders/updates/buyer/eyJhbGciOiJIUzI1NiIsInR5cCI6IkpXVCJ9.eyJyb2xlIjoiYnV5ZXIiLCJpZCI6MjIsImlhdCI6MTc2MTU2MTU5MywiZXhwIjoxNzYyMTY2MzkzfQ.f5oIXp3vCA-7ktREafp-nsjXG4D0h9mImGJfabHItTE 200 2.573 ms - -"}
{"timestamp":"2025-10-27 16:58:32","level":"info","message":"OPTIONS /api/buyer/get 204 0.220 ms - 0"}
{"timestamp":"2025-10-27 16:58:32","level":"info","message":"GET /api/notifications/noti/buyer 304 309.600 ms - -"}
{"timestamp":"2025-10-27 16:58:33","level":"info","message":"GET /api/buyer/get 304 959.639 ms - -"}
{"timestamp":"2025-10-27 16:58:43","level":"info","message":"OPTIONS /api/orders/order/update/item/status 204 0.847 ms - 0"}
{"timestamp":"2025-10-27 16:58:46","level":"info","message":"PUT /api/orders/order/update/item/status 200 2647.068 ms - 133"}
{"timestamp":"2025-10-27 16:58:46","level":"info","message":"GET /api/orders/updates/buyer/eyJhbGciOiJIUzI1NiIsInR5cCI6IkpXVCJ9.eyJyb2xlIjoiYnV5ZXIiLCJpZCI6MjIsImlhdCI6MTc2MTU2MTU5MywiZXhwIjoxNzYyMTY2MzkzfQ.f5oIXp3vCA-7ktREafp-nsjXG4D0h9mImGJfabHItTE 200 2.936 ms - -"}
{"timestamp":"2025-10-27 16:58:52","level":"info","message":"GET /api/orders/updates/buyer/eyJhbGciOiJIUzI1NiIsInR5cCI6IkpXVCJ9.eyJyb2xlIjoiYnV5ZXIiLCJpZCI6MjIsImlhdCI6MTc2MTU2MTU5MywiZXhwIjoxNzYyMTY2MzkzfQ.f5oIXp3vCA-7ktREafp-nsjXG4D0h9mImGJfabHItTE 200 9.975 ms - -"}
{"timestamp":"2025-10-27 16:58:53","level":"info","message":"OPTIONS /api/notifications/noti/buyer 204 0.205 ms - 0"}
{"timestamp":"2025-10-27 16:58:53","level":"info","message":"OPTIONS /api/buyer/get 204 0.225 ms - 0"}
{"timestamp":"2025-10-27 16:58:53","level":"info","message":"GET /api/notifications/noti/buyer 200 388.297 ms - 500"}
{"timestamp":"2025-10-27 16:58:53","level":"info","message":"GET /api/buyer/get 304 381.068 ms - -"}
{"timestamp":"2025-10-27 16:59:04","level":"info","message":"OPTIONS /api/notifications/noti/buyer 204 0.240 ms - 0"}
{"timestamp":"2025-10-27 16:59:04","level":"info","message":"OPTIONS /api/orders/order/108 204 0.257 ms - 0"}
{"timestamp":"2025-10-27 16:59:04","level":"info","message":"OPTIONS /api/buyer/get 204 0.397 ms - 0"}
{"timestamp":"2025-10-27 16:59:05","level":"info","message":"GET /api/notifications/noti/buyer 304 345.274 ms - -"}
{"timestamp":"2025-10-27 16:59:05","level":"info","message":"GET /api/orders/order/108 304 497.283 ms - -"}
{"timestamp":"2025-10-27 16:59:05","level":"info","message":"GET /api/buyer/get 304 835.820 ms - -"}
{"timestamp":"2025-10-27 16:59:20","level":"info","message":"OPTIONS /api/notifications/noti/buyer 204 0.242 ms - 0"}
{"timestamp":"2025-10-27 16:59:20","level":"info","message":"GET /api/notifications/noti/buyer 304 342.959 ms - -"}
{"timestamp":"2025-10-27 16:59:32","level":"info","message":"OPTIONS /api/notifications/noti/buyer 204 0.186 ms - 0"}
{"timestamp":"2025-10-27 16:59:32","level":"info","message":"GET /api/notifications/noti/buyer 304 476.834 ms - -"}
{"timestamp":"2025-10-27 16:59:35","level":"info","message":"GET /api/notifications/noti/buyer 304 314.052 ms - -"}
{"timestamp":"2025-10-27 16:59:37","level":"info","message":"OPTIONS /api/notifications/noti/buyer 204 0.886 ms - 0"}
{"timestamp":"2025-10-27 16:59:37","level":"info","message":"GET /api/notifications/noti/buyer 304 353.787 ms - -"}
{"timestamp":"2025-10-27 16:59:48","level":"info","message":"OPTIONS /api/notifications/noti/buyer 204 0.784 ms - 0"}
{"timestamp":"2025-10-27 16:59:48","level":"info","message":"GET /api/notifications/noti/buyer 304 539.056 ms - -"}
{"timestamp":"2025-10-27 17:00:15","level":"info","message":"OPTIONS /api/notifications/noti/buyer 204 0.271 ms - 0"}
{"timestamp":"2025-10-27 17:00:16","level":"info","message":"GET /api/notifications/noti/buyer 304 390.822 ms - -"}
{"timestamp":"2025-10-27 17:00:18","level":"info","message":"GET /api/notifications/noti/buyer 304 309.180 ms - -"}
{"timestamp":"2025-10-27 17:00:21","level":"info","message":"OPTIONS /api/notifications/noti/buyer 204 0.275 ms - 0"}
{"timestamp":"2025-10-27 17:00:21","level":"info","message":"GET /api/notifications/noti/buyer 304 307.678 ms - -"}
{"timestamp":"2025-10-27 17:00:23","level":"info","message":"GET /api/notifications/noti/buyer 304 675.427 ms - -"}
{"timestamp":"2025-10-27 17:00:29","level":"info","message":"OPTIONS /api/notifications/noti/buyer 204 0.201 ms - 0"}
{"timestamp":"2025-10-27 17:00:30","level":"info","message":"GET /api/notifications/noti/buyer 304 335.488 ms - -"}
{"timestamp":"2025-10-27 17:00:37","level":"info","message":"OPTIONS /api/notifications/noti/buyer 204 0.196 ms - 0"}
{"timestamp":"2025-10-27 17:00:37","level":"info","message":"GET /api/notifications/noti/buyer 304 398.427 ms - -"}
{"timestamp":"2025-10-27 17:00:44","level":"info","message":"OPTIONS /api/notifications/noti/buyer 204 0.180 ms - 0"}
{"timestamp":"2025-10-27 17:00:45","level":"info","message":"GET /api/notifications/noti/buyer 304 328.219 ms - -"}
{"timestamp":"2025-10-27 17:01:23","level":"info","message":"OPTIONS /api/notifications/check/vendor 204 0.179 ms - 0"}
{"timestamp":"2025-10-27 17:01:23","level":"info","message":"GET /api/notifications/check/vendor 304 390.895 ms - -"}
{"timestamp":"2025-10-27 17:01:44","level":"info","message":"OPTIONS /api/vendor/login 204 0.135 ms - 0"}
{"timestamp":"2025-10-27 17:01:45","level":"info","message":"POST /api/vendor/login 200 565.775 ms - 278"}
{"timestamp":"2025-10-27 17:01:45","level":"info","message":"GET /api/orders/updates/vendor/eyJhbGciOiJIUzI1NiIsInR5cCI6IkpXVCJ9.eyJyb2xlIjoidmVuZG9yIiwiaWQiOjQsImlhdCI6MTc2MTU2NDE4MCwiZXhwIjoxNzYyMTY4OTgwfQ.LQRTCgIAvz6uLjhdUA5TSTABTiaWHyGHZSe6g9SLdSE 200 0.874 ms - -"}
{"timestamp":"2025-10-27 17:01:50","level":"info","message":"OPTIONS /api/orders/vendor 204 0.148 ms - 0"}
{"timestamp":"2025-10-27 17:01:51","level":"info","message":"GET /api/orders/vendor 200 736.097 ms - 18964"}
{"timestamp":"2025-10-27 17:01:57","level":"info","message":"OPTIONS /api/notifications/check/buyer 204 0.218 ms - 0"}
{"timestamp":"2025-10-27 17:01:57","level":"info","message":"GET /api/notifications/check/buyer 304 306.232 ms - -"}
{"timestamp":"2025-10-27 17:02:05","level":"info","message":"OPTIONS /api/orders/order/update/item/status 204 0.749 ms - 0"}
{"timestamp":"2025-10-27 17:02:07","level":"info","message":"PUT /api/orders/order/update/item/status 200 2456.371 ms - 128"}
{"timestamp":"2025-10-27 17:02:07","level":"info","message":"GET /api/orders/updates/buyer/eyJhbGciOiJIUzI1NiIsInR5cCI6IkpXVCJ9.eyJyb2xlIjoiYnV5ZXIiLCJpZCI6MjIsImlhdCI6MTc2MTU2MTU5MywiZXhwIjoxNzYyMTY2MzkzfQ.f5oIXp3vCA-7ktREafp-nsjXG4D0h9mImGJfabHItTE 200 1.134 ms - -"}
{"timestamp":"2025-10-27 17:02:41","level":"info","message":"GET /api/orders/updates/buyer/eyJhbGciOiJIUzI1NiIsInR5cCI6IkpXVCJ9.eyJyb2xlIjoiYnV5ZXIiLCJpZCI6MjIsImlhdCI6MTc2MTU2MTU5MywiZXhwIjoxNzYyMTY2MzkzfQ.f5oIXp3vCA-7ktREafp-nsjXG4D0h9mImGJfabHItTE 200 5.060 ms - -"}
{"timestamp":"2025-10-27 17:02:41","level":"info","message":"OPTIONS /api/orders/order/108 204 0.230 ms - 0"}
{"timestamp":"2025-10-27 17:02:41","level":"info","message":"OPTIONS /api/buyer/get 204 2.840 ms - 0"}
{"timestamp":"2025-10-27 17:02:42","level":"info","message":"GET /api/orders/updates/vendor/eyJhbGciOiJIUzI1NiIsInR5cCI6IkpXVCJ9.eyJyb2xlIjoidmVuZG9yIiwiaWQiOjUsImlhdCI6MTc2MTU2NDcwNSwiZXhwIjoxNzYyMTY5NTA1fQ.1nRjrDlh5lpQLryZr8zD4cACoMTUmFSp9TRceZ9IT04 200 0.747 ms - -"}
{"timestamp":"2025-10-27 17:02:42","level":"info","message":"GET /api/buyer/get 304 459.446 ms - -"}
{"timestamp":"2025-10-27 17:02:42","level":"info","message":"GET /api/orders/updates/vendor/eyJhbGciOiJIUzI1NiIsInR5cCI6IkpXVCJ9.eyJyb2xlIjoidmVuZG9yIiwiaWQiOjUsImlhdCI6MTc2MTU2MDM4NSwiZXhwIjoxNzYyMTY1MTg1fQ.CtiTeGpb1UUJwSuH3zQWrc-GPhZWNwwrZj6YAhlvsoE 200 4.063 ms - -"}
{"timestamp":"2025-10-27 17:02:43","level":"info","message":"GET /api/orders/order/108 304 1141.995 ms - -"}
{"timestamp":"2025-10-27 17:02:46","level":"info","message":"GET /api/orders/updates/buyer/eyJhbGciOiJIUzI1NiIsInR5cCI6IkpXVCJ9.eyJyb2xlIjoiYnV5ZXIiLCJpZCI6MjIsImlhdCI6MTc2MTU2MTU5MywiZXhwIjoxNzYyMTY2MzkzfQ.f5oIXp3vCA-7ktREafp-nsjXG4D0h9mImGJfabHItTE 200 1.476 ms - -"}
{"timestamp":"2025-10-27 17:02:47","level":"info","message":"OPTIONS /api/notifications/noti/buyer 204 0.490 ms - 0"}
{"timestamp":"2025-10-27 17:02:47","level":"info","message":"OPTIONS /api/buyer/get 204 0.221 ms - 0"}
{"timestamp":"2025-10-27 17:02:47","level":"info","message":"GET /api/notifications/noti/buyer 200 311.547 ms - 571"}
{"timestamp":"2025-10-27 17:02:47","level":"info","message":"GET /api/buyer/get 304 312.343 ms - -"}
{"timestamp":"2025-10-27 17:02:52","level":"info","message":"OPTIONS /api/orders/order/update/item/status 204 0.711 ms - 0"}
{"timestamp":"2025-10-27 17:02:54","level":"info","message":"PUT /api/orders/order/update/item/status 200 2522.759 ms - 132"}
{"timestamp":"2025-10-27 17:02:54","level":"info","message":"GET /api/orders/updates/buyer/eyJhbGciOiJIUzI1NiIsInR5cCI6IkpXVCJ9.eyJyb2xlIjoiYnV5ZXIiLCJpZCI6MjIsImlhdCI6MTc2MTU2MTU5MywiZXhwIjoxNzYyMTY2MzkzfQ.f5oIXp3vCA-7ktREafp-nsjXG4D0h9mImGJfabHItTE 200 1.276 ms - -"}
{"timestamp":"2025-10-27 17:03:18","level":"info","message":"GET /api/orders/updates/buyer/eyJhbGciOiJIUzI1NiIsInR5cCI6IkpXVCJ9.eyJyb2xlIjoiYnV5ZXIiLCJpZCI6MjIsImlhdCI6MTc2MTU2MTU5MywiZXhwIjoxNzYyMTY2MzkzfQ.f5oIXp3vCA-7ktREafp-nsjXG4D0h9mImGJfabHItTE 200 1.180 ms - -"}
{"timestamp":"2025-10-27 17:03:19","level":"info","message":"OPTIONS /api/notifications/noti/buyer 204 0.211 ms - 0"}
{"timestamp":"2025-10-27 17:03:19","level":"info","message":"OPTIONS /api/buyer/get 204 0.632 ms - 0"}
{"timestamp":"2025-10-27 17:03:19","level":"info","message":"GET /api/notifications/noti/buyer 200 376.346 ms - 640"}
{"timestamp":"2025-10-27 17:03:19","level":"info","message":"GET /api/buyer/get 304 387.510 ms - -"}
{"timestamp":"2025-10-27 17:03:37","level":"info","message":"OPTIONS /api/notifications/noti/buyer 204 0.334 ms - 0"}
{"timestamp":"2025-10-27 17:03:37","level":"info","message":"GET /api/notifications/noti/buyer 304 376.006 ms - -"}
{"timestamp":"2025-10-27 17:03:37","level":"info","message":"OPTIONS /api/orders/order/108 204 4.618 ms - 0"}
{"timestamp":"2025-10-27 17:03:37","level":"info","message":"OPTIONS /api/buyer/get 204 0.271 ms - 0"}
{"timestamp":"2025-10-27 17:03:38","level":"info","message":"GET /api/buyer/get 304 495.137 ms - -"}
{"timestamp":"2025-10-27 17:03:38","level":"info","message":"GET /api/orders/order/108 304 546.617 ms - -"}
{"timestamp":"2025-10-27 17:03:49","level":"info","message":"OPTIONS /api/notifications/noti/buyer 204 0.256 ms - 0"}
{"timestamp":"2025-10-27 17:03:49","level":"info","message":"GET /api/notifications/noti/buyer 304 319.266 ms - -"}
{"timestamp":"2025-10-27 17:03:51","level":"info","message":"GET /api/notifications/noti/buyer 304 322.278 ms - -"}
{"timestamp":"2025-10-27 17:03:55","level":"info","message":"OPTIONS /api/notifications/noti/buyer 204 0.195 ms - 0"}
{"timestamp":"2025-10-27 17:03:55","level":"info","message":"GET /api/notifications/noti/buyer 304 374.344 ms - -"}
{"timestamp":"2025-10-27 17:03:58","level":"info","message":"GET /api/notifications/noti/buyer 304 306.468 ms - -"}
{"timestamp":"2025-10-27 17:04:00","level":"info","message":"OPTIONS /api/notifications/noti/buyer 204 0.185 ms - 0"}
{"timestamp":"2025-10-27 17:04:01","level":"info","message":"GET /api/notifications/noti/buyer 304 346.800 ms - -"}
{"timestamp":"2025-10-27 17:04:01","level":"info","message":"GET /api/notifications/noti/buyer 304 307.165 ms - -"}
{"timestamp":"2025-10-27 17:04:01","level":"info","message":"GET /api/notifications/noti/buyer 304 305.239 ms - -"}
{"timestamp":"2025-10-27 17:04:03","level":"info","message":"GET /api/notifications/noti/buyer 304 312.494 ms - -"}
{"timestamp":"2025-10-27 17:04:03","level":"info","message":"GET /api/notifications/noti/buyer 304 315.224 ms - -"}
{"timestamp":"2025-10-27 17:04:03","level":"info","message":"GET /api/notifications/noti/buyer 304 314.444 ms - -"}
{"timestamp":"2025-10-27 17:04:04","level":"info","message":"GET /api/notifications/noti/buyer 304 299.404 ms - -"}
{"timestamp":"2025-10-27 17:04:04","level":"info","message":"GET /api/notifications/noti/buyer 304 306.734 ms - -"}
{"timestamp":"2025-10-27 17:04:10","level":"info","message":"OPTIONS /api/orders/order/update/item/status 204 0.442 ms - 0"}
{"timestamp":"2025-10-27 17:04:13","level":"info","message":"PUT /api/orders/order/update/item/status 200 3114.287 ms - 131"}
{"timestamp":"2025-10-27 17:04:13","level":"info","message":"GET /api/orders/updates/buyer/eyJhbGciOiJIUzI1NiIsInR5cCI6IkpXVCJ9.eyJyb2xlIjoiYnV5ZXIiLCJpZCI6MjIsImlhdCI6MTc2MTU2MTU5MywiZXhwIjoxNzYyMTY2MzkzfQ.f5oIXp3vCA-7ktREafp-nsjXG4D0h9mImGJfabHItTE 200 1.538 ms - -"}
{"timestamp":"2025-10-27 17:05:31","level":"info","message":"OPTIONS /api/orders/vendor 204 0.761 ms - 0"}
{"timestamp":"2025-10-27 17:05:31","level":"info","message":"OPTIONS /api/vendor/get 204 0.351 ms - 0"}
{"timestamp":"2025-10-27 17:05:32","level":"info","message":"OPTIONS /api/notifications/noti/buyer 204 0.388 ms - 0"}
{"timestamp":"2025-10-27 17:05:32","level":"info","message":"OPTIONS /api/buyer/get 204 0.305 ms - 0"}
{"timestamp":"2025-10-27 17:05:34","level":"info","message":"GET /api/orders/vendor 200 3775.718 ms - 18966"}
{"timestamp":"2025-10-27 17:05:35","level":"info","message":"GET /api/notifications/noti/buyer 200 2625.539 ms - 714"}
{"timestamp":"2025-10-27 17:05:35","level":"info","message":"GET /api/buyer/get 304 2621.261 ms - -"}
{"timestamp":"2025-10-27 17:05:36","level":"info","message":"GET /api/vendor/get 304 4988.220 ms - -"}
{"timestamp":"2025-10-27 17:10:11","level":"info","message":"OPTIONS /api/notifications/check/vendor 204 0.219 ms - 0"}
{"timestamp":"2025-10-27 17:10:12","level":"info","message":"GET /api/notifications/check/vendor 304 380.539 ms - -"}
{"timestamp":"2025-10-27 17:10:24","level":"info","message":"OPTIONS /api/buyer/login 204 0.828 ms - 0"}
{"timestamp":"2025-10-27 17:10:24","level":"info","message":"HTTP POST /api/buyer/login - body: {\"email\":\"swanand@gmail.com\",\"password\":\"swanand\"}"}
{"timestamp":"2025-10-27 17:10:24","level":"info","message":"POST /api/buyer/login 200 566.805 ms - 262"}
{"timestamp":"2025-10-27 17:10:24","level":"info","message":"GET /api/orders/updates/vendor/eyJhbGciOiJIUzI1NiIsInR5cCI6IkpXVCJ9.eyJyb2xlIjoidmVuZG9yIiwiaWQiOjUsImlhdCI6MTc2MTU2NDcwNSwiZXhwIjoxNzYyMTY5NTA1fQ.1nRjrDlh5lpQLryZr8zD4cACoMTUmFSp9TRceZ9IT04 200 9.422 ms - -"}
{"timestamp":"2025-10-27 17:10:27","level":"info","message":"GET /api/products/random 200 390.064 ms - 4069"}
{"timestamp":"2025-10-27 17:10:31","level":"info","message":"OPTIONS /api/notifications/check/buyer 204 0.618 ms - 0"}
{"timestamp":"2025-10-27 17:10:31","level":"info","message":"GET /api/notifications/check/buyer 304 316.814 ms - -"}
{"timestamp":"2025-10-27 17:10:34","level":"info","message":"OPTIONS /api/notifications/noti/buyer 204 0.312 ms - 0"}
{"timestamp":"2025-10-27 17:10:35","level":"info","message":"GET /api/notifications/noti/buyer 200 318.155 ms - 30"}
{"timestamp":"2025-10-27 17:10:49","level":"info","message":"OPTIONS /api/orders/order/108 204 0.418 ms - 0"}
{"timestamp":"2025-10-27 17:10:49","level":"info","message":"OPTIONS /api/buyer/get 204 0.316 ms - 0"}
{"timestamp":"2025-10-27 17:10:54","level":"info","message":"GET /api/buyer/get 304 4841.396 ms - -"}
{"timestamp":"2025-10-27 17:10:54","level":"info","message":"GET /api/orders/order/108 304 4843.954 ms - -"}
{"timestamp":"2025-10-27 17:18:07","level":"info","message":"GET /api/notifications/noti/buyer 200 798.630 ms - 30"}
{"timestamp":"2025-10-27 17:19:01","level":"info","message":"OPTIONS /api/notifications/check/buyer 204 0.188 ms - 0"}
{"timestamp":"2025-10-27 17:19:02","level":"info","message":"GET /api/notifications/check/buyer 304 358.269 ms - -"}
{"timestamp":"2025-10-27 17:21:02","level":"info","message":"OPTIONS /api/vendor/login 204 0.877 ms - 0"}
{"timestamp":"2025-10-27 17:21:03","level":"info","message":"POST /api/vendor/login 200 663.216 ms - 278"}
{"timestamp":"2025-10-27 17:21:03","level":"info","message":"GET /api/orders/updates/buyer/eyJhbGciOiJIUzI1NiIsInR5cCI6IkpXVCJ9.eyJyb2xlIjoiYnV5ZXIiLCJpZCI6MjIsImlhdCI6MTc2MTU2MTU5MywiZXhwIjoxNzYyMTY2MzkzfQ.f5oIXp3vCA-7ktREafp-nsjXG4D0h9mImGJfabHItTE 200 2.940 ms - -"}
{"timestamp":"2025-10-27 17:21:09","level":"info","message":"OPTIONS /api/orders/vendor 204 0.284 ms - 0"}
{"timestamp":"2025-10-27 17:21:09","level":"info","message":"GET /api/orders/vendor 200 675.751 ms - 18966"}
{"timestamp":"2025-10-27 17:21:14","level":"info","message":"OPTIONS /api/orders/order/update/item/status 204 0.849 ms - 0"}
{"timestamp":"2025-10-27 17:21:17","level":"info","message":"PUT /api/orders/order/update/item/status 200 2545.757 ms - 128"}
{"timestamp":"2025-10-27 17:21:17","level":"info","message":"GET /api/orders/updates/buyer/eyJhbGciOiJIUzI1NiIsInR5cCI6IkpXVCJ9.eyJyb2xlIjoiYnV5ZXIiLCJpZCI6MjIsImlhdCI6MTc2MTU2MTU5MywiZXhwIjoxNzYyMTY2MzkzfQ.f5oIXp3vCA-7ktREafp-nsjXG4D0h9mImGJfabHItTE 200 1.276 ms - -"}
{"timestamp":"2025-10-27 17:21:37","level":"info","message":"OPTIONS /api/orders/order/update/item/status 204 0.832 ms - 0"}
{"timestamp":"2025-10-27 17:21:39","level":"info","message":"PUT /api/orders/order/update/item/status 200 2179.137 ms - 132"}
{"timestamp":"2025-10-27 17:22:42","level":"info","message":"OPTIONS /api/orders/order/update/item/status 204 0.861 ms - 0"}
{"timestamp":"2025-10-27 17:22:44","level":"info","message":"PUT /api/orders/order/update/item/status 200 2277.828 ms - 138"}
{"timestamp":"2025-10-27 17:23:51","level":"info","message":"OPTIONS /api/notifications/check/vendor 204 0.268 ms - 0"}
{"timestamp":"2025-10-27 17:23:52","level":"info","message":"GET /api/notifications/check/vendor 304 988.300 ms - -"}
{"timestamp":"2025-10-27 17:24:09","level":"info","message":"OPTIONS /api/vendor/login 204 1.117 ms - 0"}
{"timestamp":"2025-10-27 17:24:10","level":"info","message":"POST /api/vendor/login 200 632.915 ms - 283"}
{"timestamp":"2025-10-27 17:24:10","level":"info","message":"GET /api/orders/updates/vendor/eyJhbGciOiJIUzI1NiIsInR5cCI6IkpXVCJ9.eyJyb2xlIjoidmVuZG9yIiwiaWQiOjUsImlhdCI6MTc2MTU2NTg2MywiZXhwIjoxNzYyMTcwNjYzfQ.-mBXwur9smbGpIUdVMjlFr9XBw4eLhJ734pMFFZh-Zs 200 1.392 ms - -"}
{"timestamp":"2025-10-27 17:24:14","level":"info","message":"OPTIONS /api/products/vendor 204 1.516 ms - 0"}
{"timestamp":"2025-10-27 17:24:14","level":"info","message":"GET /api/products/vendor 200 322.045 ms - 369"}
{"timestamp":"2025-10-27 17:28:28","level":"info","message":"OPTIONS /api/notifications/check/vendor 204 0.363 ms - 0"}
{"timestamp":"2025-10-27 17:28:28","level":"info","message":"GET /api/notifications/check/vendor 304 368.185 ms - -"}
{"timestamp":"2025-10-27 17:28:30","level":"info","message":"OPTIONS /api/product/categories 204 0.403 ms - 0"}
{"timestamp":"2025-10-27 17:28:31","level":"info","message":"GET /api/product/categories 304 634.052 ms - -"}
{"timestamp":"2025-10-27 17:30:13","level":"info","message":"OPTIONS /api/products/add 204 0.327 ms - 0"}
{"timestamp":"2025-10-27 17:30:19","level":"info","message":"POST /api/products/add 201 5821.109 ms - 778"}
{"timestamp":"2025-10-27 17:30:25","level":"info","message":"OPTIONS /api/notifications/check/vendor 204 0.266 ms - 0"}
{"timestamp":"2025-10-27 17:30:25","level":"info","message":"GET /api/notifications/check/vendor 304 301.413 ms - -"}
{"timestamp":"2025-10-27 17:30:32","level":"info","message":"OPTIONS /api/products/vendor 204 0.738 ms - 0"}
{"timestamp":"2025-10-27 17:30:32","level":"info","message":"GET /api/products/vendor 200 312.732 ms - 1097"}
{"timestamp":"2025-10-27 17:30:43","level":"info","message":"OPTIONS /api/notifications/check/vendor 204 0.220 ms - 0"}
{"timestamp":"2025-10-27 17:30:43","level":"info","message":"GET /api/notifications/check/vendor 304 378.153 ms - -"}
{"timestamp":"2025-10-27 17:30:46","level":"info","message":"OPTIONS /api/notifications/noti/vendor 204 0.230 ms - 0"}
{"timestamp":"2025-10-27 17:30:47","level":"info","message":"GET /api/notifications/noti/vendor 200 320.103 ms - 82"}
{"timestamp":"2025-10-27 18:16:10","level":"info","message":"GET /api/orders/updates/vendor/eyJhbGciOiJIUzI1NiIsInR5cCI6IkpXVCJ9.eyJyb2xlIjoidmVuZG9yIiwiaWQiOjMsImlhdCI6MTc2MTU2NjA1MCwiZXhwIjoxNzYyMTcwODUwfQ.R80BNMPg-ee29MuRGM8uAh-j0aRhXjvyd76dvTwU6Sw 200 1.168 ms - -"}
{"timestamp":"2025-10-27 18:18:03","level":"info","message":"GET /api/orders/updates/buyer/eyJhbGciOiJIUzI1NiIsInR5cCI6IkpXVCJ9.eyJyb2xlIjoiYnV5ZXIiLCJpZCI6MTksImlhdCI6MTc2MTU2NTIyNCwiZXhwIjoxNzYyMTcwMDI0fQ.AxWjoALAD4b9I5VPqifKSVFrm7S5IE6I_y6XYM0rp5E 200 1.877 ms - -"}
{"timestamp":"2025-10-28 11:22:56","level":"info","message":"OPTIONS /api/vendor/get 204 4.373 ms - 0"}
{"timestamp":"2025-10-28 11:22:58","level":"info","message":"GET /api/vendor/get 200 2055.612 ms - 84"}
{"timestamp":"2025-10-28 11:23:02","level":"info","message":"OPTIONS /api/products/vendor 204 0.560 ms - 0"}
{"timestamp":"2025-10-28 11:23:03","level":"info","message":"GET /api/products/vendor 200 517.383 ms - 1097"}
{"timestamp":"2025-10-28 11:23:06","level":"info","message":"GET /api/products/vendor 304 327.802 ms - -"}
{"timestamp":"2025-10-28 11:23:08","level":"info","message":"OPTIONS /api/products/vendor 204 1.224 ms - 0"}
{"timestamp":"2025-10-28 11:23:08","level":"info","message":"GET /api/products/vendor 304 327.847 ms - -"}
{"timestamp":"2025-10-28 11:23:23","level":"info","message":"OPTIONS /api/products/vendor 204 0.591 ms - 0"}
{"timestamp":"2025-10-28 11:23:23","level":"info","message":"GET /api/products/vendor 304 420.790 ms - -"}
{"timestamp":"2025-10-28 11:23:27","level":"info","message":"GET /api/products/vendor 304 337.919 ms - -"}
{"timestamp":"2025-10-28 11:23:28","level":"info","message":"OPTIONS /api/products/vendor 204 0.658 ms - 0"}
{"timestamp":"2025-10-28 11:23:29","level":"info","message":"GET /api/products/vendor 304 315.111 ms - -"}
{"timestamp":"2025-10-28 11:23:36","level":"info","message":"OPTIONS /api/products/product/47 204 0.392 ms - 0"}
{"timestamp":"2025-10-28 11:23:37","level":"info","message":"GET /api/products/product/47 200 666.533 ms - 810"}
{"timestamp":"2025-10-28 11:23:37","level":"info","message":"OPTIONS /api/product/categories 204 0.577 ms - 0"}
{"timestamp":"2025-10-28 11:23:37","level":"info","message":"GET /api/product/categories 200 666.053 ms - 362"}
{"timestamp":"2025-10-28 11:23:39","level":"info","message":"OPTIONS /api/products/vendor 204 0.328 ms - 0"}
{"timestamp":"2025-10-28 11:23:40","level":"info","message":"GET /api/products/vendor 304 382.118 ms - -"}
{"timestamp":"2025-10-28 11:23:42","level":"info","message":"OPTIONS /api/products/product/7 204 3.589 ms - 0"}
{"timestamp":"2025-10-28 11:23:43","level":"info","message":"GET /api/products/product/7 200 675.443 ms - 437"}
{"timestamp":"2025-10-28 11:23:43","level":"info","message":"OPTIONS /api/product/categories 204 1.189 ms - 0"}
{"timestamp":"2025-10-28 11:23:44","level":"info","message":"GET /api/product/categories 304 637.634 ms - -"}
{"timestamp":"2025-10-28 11:23:46","level":"info","message":"OPTIONS /api/products/vendor 204 0.419 ms - 0"}
{"timestamp":"2025-10-28 11:23:46","level":"info","message":"GET /api/products/vendor 304 318.442 ms - -"}
{"timestamp":"2025-10-28 11:23:47","level":"info","message":"GET /api/orders/updates/vendor/eyJhbGciOiJIUzI1NiIsInR5cCI6IkpXVCJ9.eyJyb2xlIjoidmVuZG9yIiwiaWQiOjMsImlhdCI6MTc2MTU2NjA1MCwiZXhwIjoxNzYyMTcwODUwfQ.R80BNMPg-ee29MuRGM8uAh-j0aRhXjvyd76dvTwU6Sw 200 16.844 ms - -"}
{"timestamp":"2025-10-28 11:23:48","level":"info","message":"OPTIONS /api/vendor/get 204 0.251 ms - 0"}
{"timestamp":"2025-10-28 11:23:48","level":"info","message":"GET /api/products/vendor 304 313.037 ms - -"}
{"timestamp":"2025-10-28 11:23:49","level":"info","message":"GET /api/vendor/get 304 781.648 ms - -"}
{"timestamp":"2025-10-28 11:23:51","level":"info","message":"OPTIONS /api/products/vendor 204 0.254 ms - 0"}
{"timestamp":"2025-10-28 11:23:52","level":"info","message":"GET /api/products/vendor 304 1029.028 ms - -"}
{"timestamp":"2025-10-28 11:26:39","level":"info","message":"GET /api/orders/updates/vendor/eyJhbGciOiJIUzI1NiIsInR5cCI6IkpXVCJ9.eyJyb2xlIjoidmVuZG9yIiwiaWQiOjMsImlhdCI6MTc2MTU2NjA1MCwiZXhwIjoxNzYyMTcwODUwfQ.R80BNMPg-ee29MuRGM8uAh-j0aRhXjvyd76dvTwU6Sw 200 1.480 ms - -"}
{"timestamp":"2025-10-28 11:26:39","level":"info","message":"OPTIONS /api/products/vendor 204 0.372 ms - 0"}
{"timestamp":"2025-10-28 11:26:39","level":"info","message":"OPTIONS /api/vendor/get 204 0.246 ms - 0"}
{"timestamp":"2025-10-28 11:26:40","level":"info","message":"GET /api/products/vendor 304 409.013 ms - -"}
{"timestamp":"2025-10-28 11:26:40","level":"info","message":"GET /api/vendor/get 304 414.738 ms - -"}
{"timestamp":"2025-10-28 11:26:43","level":"info","message":"GET /api/products/vendor 304 333.051 ms - -"}
{"timestamp":"2025-10-28 11:26:44","level":"info","message":"OPTIONS /api/product/categories 204 1.614 ms - 0"}
{"timestamp":"2025-10-28 11:26:45","level":"info","message":"GET /api/product/categories 304 766.561 ms - -"}
{"timestamp":"2025-10-28 11:27:10","level":"info","message":"OPTIONS /api/products/add 204 0.325 ms - 0"}
{"timestamp":"2025-10-28 11:27:14","level":"info","message":"POST /api/products/add 201 3961.895 ms - 350"}
{"timestamp":"2025-10-28 11:27:14","level":"info","message":"OPTIONS /api/products/vendor 204 0.263 ms - 0"}
{"timestamp":"2025-10-28 11:27:14","level":"info","message":"GET /api/products/vendor 200 353.398 ms - 1397"}
{"timestamp":"2025-10-28 11:27:31","level":"info","message":"OPTIONS /api/product/categories 204 0.270 ms - 0"}
{"timestamp":"2025-10-28 11:27:32","level":"info","message":"GET /api/product/categories 200 820.789 ms - 400"}
{"timestamp":"2025-10-28 11:27:35","level":"info","message":"OPTIONS /api/products/vendor 204 0.248 ms - 0"}
{"timestamp":"2025-10-28 11:27:35","level":"info","message":"GET /api/product/categories 304 721.185 ms - -"}
{"timestamp":"2025-10-28 11:27:36","level":"info","message":"GET /api/products/vendor 304 412.941 ms - -"}
{"timestamp":"2025-10-28 11:27:36","level":"info","message":"OPTIONS /api/product/categories 204 0.991 ms - 0"}
{"timestamp":"2025-10-28 11:27:37","level":"info","message":"GET /api/product/categories 304 877.962 ms - -"}
{"timestamp":"2025-10-28 11:27:38","level":"info","message":"GET /api/orders/updates/vendor/eyJhbGciOiJIUzI1NiIsInR5cCI6IkpXVCJ9.eyJyb2xlIjoidmVuZG9yIiwiaWQiOjMsImlhdCI6MTc2MTU2NjA1MCwiZXhwIjoxNzYyMTcwODUwfQ.R80BNMPg-ee29MuRGM8uAh-j0aRhXjvyd76dvTwU6Sw 200 0.885 ms - -"}
{"timestamp":"2025-10-28 11:27:40","level":"info","message":"OPTIONS /api/vendor/get 204 0.239 ms - 0"}
{"timestamp":"2025-10-28 11:27:41","level":"info","message":"GET /api/vendor/get 304 357.784 ms - -"}
{"timestamp":"2025-10-28 11:27:45","level":"info","message":"OPTIONS /api/products/vendor 204 0.302 ms - 0"}
{"timestamp":"2025-10-28 11:27:46","level":"info","message":"GET /api/products/vendor 304 403.518 ms - -"}
{"timestamp":"2025-10-28 11:27:49","level":"info","message":"GET /api/products/vendor 304 349.924 ms - -"}
{"timestamp":"2025-10-28 11:27:51","level":"info","message":"OPTIONS /api/products/vendor 204 0.273 ms - 0"}
{"timestamp":"2025-10-28 11:27:51","level":"info","message":"GET /api/products/vendor 304 446.134 ms - -"}
{"timestamp":"2025-10-28 11:27:52","level":"info","message":"GET /api/orders/updates/vendor/eyJhbGciOiJIUzI1NiIsInR5cCI6IkpXVCJ9.eyJyb2xlIjoidmVuZG9yIiwiaWQiOjMsImlhdCI6MTc2MTU2NjA1MCwiZXhwIjoxNzYyMTcwODUwfQ.R80BNMPg-ee29MuRGM8uAh-j0aRhXjvyd76dvTwU6Sw 200 1.709 ms - -"}
{"timestamp":"2025-10-28 11:27:53","level":"info","message":"OPTIONS /api/vendor/get 204 0.287 ms - 0"}
{"timestamp":"2025-10-28 11:27:53","level":"info","message":"GET /api/products/vendor 304 338.066 ms - -"}
{"timestamp":"2025-10-28 11:27:53","level":"info","message":"GET /api/vendor/get 304 447.766 ms - -"}
{"timestamp":"2025-10-28 11:27:58","level":"info","message":"OPTIONS /api/products/vendor 204 0.275 ms - 0"}
{"timestamp":"2025-10-28 11:27:59","level":"info","message":"GET /api/products/vendor 304 921.468 ms - -"}
{"timestamp":"2025-10-28 11:28:00","level":"info","message":"GET /api/products/vendor 304 325.070 ms - -"}
{"timestamp":"2025-10-28 11:28:01","level":"info","message":"GET /api/products/vendor 304 374.532 ms - -"}
{"timestamp":"2025-10-28 11:28:03","level":"info","message":"GET /api/products/vendor 304 515.262 ms - -"}
{"timestamp":"2025-10-28 11:28:20","level":"info","message":"OPTIONS /api/products/product/delete/48 204 0.857 ms - 0"}
{"timestamp":"2025-10-28 11:28:21","level":"info","message":"DELETE /api/products/product/delete/48 200 1129.140 ms - 21"}
{"timestamp":"2025-10-28 11:28:28","level":"info","message":"GET /api/orders/updates/vendor/eyJhbGciOiJIUzI1NiIsInR5cCI6IkpXVCJ9.eyJyb2xlIjoidmVuZG9yIiwiaWQiOjMsImlhdCI6MTc2MTU2NjA1MCwiZXhwIjoxNzYyMTcwODUwfQ.R80BNMPg-ee29MuRGM8uAh-j0aRhXjvyd76dvTwU6Sw 200 0.962 ms - -"}
{"timestamp":"2025-10-28 11:28:28","level":"info","message":"OPTIONS /api/products/vendor 204 0.243 ms - 0"}
{"timestamp":"2025-10-28 11:28:28","level":"info","message":"OPTIONS /api/vendor/get 204 0.279 ms - 0"}
{"timestamp":"2025-10-28 11:28:29","level":"info","message":"GET /api/products/vendor 200 319.666 ms - 1097"}
{"timestamp":"2025-10-28 11:28:29","level":"info","message":"GET /api/vendor/get 304 487.525 ms - -"}
{"timestamp":"2025-10-28 11:28:33","level":"info","message":"OPTIONS /api/product/categories 204 0.396 ms - 0"}
{"timestamp":"2025-10-28 11:28:33","level":"info","message":"GET /api/product/categories 304 663.919 ms - -"}
{"timestamp":"2025-10-28 11:28:48","level":"info","message":"OPTIONS /api/products/add 204 0.668 ms - 0"}
{"timestamp":"2025-10-28 11:28:55","level":"info","message":"POST /api/products/add 201 6449.328 ms - 338"}
{"timestamp":"2025-10-28 11:28:55","level":"info","message":"OPTIONS /api/products/vendor 204 0.269 ms - 0"}
{"timestamp":"2025-10-28 11:28:55","level":"info","message":"GET /api/products/vendor 200 352.145 ms - 1385"}
{"timestamp":"2025-10-28 11:29:29","level":"info","message":"OPTIONS /api/products/vendor 204 0.152 ms - 0"}
{"timestamp":"2025-10-28 11:29:30","level":"info","message":"GET /api/products/vendor 304 433.410 ms - -"}
{"timestamp":"2025-10-28 11:29:54","level":"info","message":"OPTIONS /api/products/vendor 204 0.240 ms - 0"}
{"timestamp":"2025-10-28 11:29:54","level":"info","message":"GET /api/products/vendor 304 365.499 ms - -"}
{"timestamp":"2025-10-28 11:29:55","level":"info","message":"GET /api/products/vendor 304 311.529 ms - -"}
{"timestamp":"2025-10-28 11:29:59","level":"info","message":"GET /api/orders/updates/vendor/eyJhbGciOiJIUzI1NiIsInR5cCI6IkpXVCJ9.eyJyb2xlIjoidmVuZG9yIiwiaWQiOjMsImlhdCI6MTc2MTU2NjA1MCwiZXhwIjoxNzYyMTcwODUwfQ.R80BNMPg-ee29MuRGM8uAh-j0aRhXjvyd76dvTwU6Sw 200 0.911 ms - -"}
{"timestamp":"2025-10-28 11:30:00","level":"info","message":"OPTIONS /api/products/vendor 204 0.197 ms - 0"}
{"timestamp":"2025-10-28 11:30:00","level":"info","message":"OPTIONS /api/vendor/get 204 0.295 ms - 0"}
{"timestamp":"2025-10-28 11:30:00","level":"info","message":"GET /api/products/vendor 304 311.102 ms - -"}
{"timestamp":"2025-10-28 11:30:00","level":"info","message":"GET /api/vendor/get 304 387.547 ms - -"}
{"timestamp":"2025-10-28 11:30:02","level":"info","message":"OPTIONS /api/product/categories 204 0.236 ms - 0"}
{"timestamp":"2025-10-28 11:30:03","level":"info","message":"GET /api/product/categories 200 924.313 ms - 439"}
{"timestamp":"2025-10-28 11:30:04","level":"info","message":"GET /api/products/vendor 304 372.144 ms - -"}
{"timestamp":"2025-10-28 11:30:11","level":"info","message":"OPTIONS /api/products/product/delete/49 204 0.761 ms - 0"}
{"timestamp":"2025-10-28 11:30:12","level":"info","message":"DELETE /api/products/product/delete/49 200 1125.352 ms - 21"}
{"timestamp":"2025-10-28 11:30:12","level":"info","message":"GET /api/orders/updates/vendor/eyJhbGciOiJIUzI1NiIsInR5cCI6IkpXVCJ9.eyJyb2xlIjoidmVuZG9yIiwiaWQiOjMsImlhdCI6MTc2MTU2NjA1MCwiZXhwIjoxNzYyMTcwODUwfQ.R80BNMPg-ee29MuRGM8uAh-j0aRhXjvyd76dvTwU6Sw 200 1.032 ms - -"}
{"timestamp":"2025-10-28 11:31:04","level":"info","message":"OPTIONS /api/products/vendor 204 0.236 ms - 0"}
{"timestamp":"2025-10-28 11:31:04","level":"info","message":"OPTIONS /api/vendor/get 204 0.247 ms - 0"}
{"timestamp":"2025-10-28 11:31:04","level":"info","message":"GET /api/vendor/get 304 378.953 ms - -"}
{"timestamp":"2025-10-28 11:31:04","level":"info","message":"GET /api/products/vendor 200 406.282 ms - 1097"}
{"timestamp":"2025-10-28 11:31:32","level":"info","message":"OPTIONS /api/products/vendor 204 0.223 ms - 0"}
{"timestamp":"2025-10-28 11:31:33","level":"info","message":"GET /api/products/vendor 304 405.065 ms - -"}
{"timestamp":"2025-10-28 11:31:40","level":"info","message":"OPTIONS /api/products/product/delete/7 204 0.928 ms - 0"}
{"timestamp":"2025-10-28 11:31:41","level":"info","message":"DELETE /api/products/product/delete/7 400 737.979 ms - 74"}
{"timestamp":"2025-10-28 11:31:45","level":"info","message":"OPTIONS /api/product/categories 204 0.545 ms - 0"}
{"timestamp":"2025-10-28 11:31:45","level":"info","message":"GET /api/product/categories 304 695.608 ms - -"}
{"timestamp":"2025-10-28 11:32:00","level":"info","message":"OPTIONS /api/products/add 204 0.911 ms - 0"}
{"timestamp":"2025-10-28 11:32:00","level":"info","message":"POST /api/products/add 400 26.315 ms - 116"}
{"timestamp":"2025-10-28 11:32:09","level":"info","message":"OPTIONS /api/products/add 204 0.209 ms - 0"}
{"timestamp":"2025-10-28 11:32:13","level":"info","message":"POST /api/products/add 201 3657.252 ms - 332"}
{"timestamp":"2025-10-28 11:32:13","level":"info","message":"OPTIONS /api/products/vendor 204 0.232 ms - 0"}
{"timestamp":"2025-10-28 11:32:14","level":"info","message":"GET /api/products/vendor 200 542.730 ms - 1379"}
{"timestamp":"2025-10-28 11:32:30","level":"info","message":"OPTIONS /api/products/product/delete/50 204 1.048 ms - 0"}
{"timestamp":"2025-10-28 11:32:31","level":"info","message":"DELETE /api/products/product/delete/50 200 1050.766 ms - 21"}
{"timestamp":"2025-10-28 11:32:31","level":"info","message":"GET /api/orders/updates/vendor/eyJhbGciOiJIUzI1NiIsInR5cCI6IkpXVCJ9.eyJyb2xlIjoidmVuZG9yIiwiaWQiOjMsImlhdCI6MTc2MTU2NjA1MCwiZXhwIjoxNzYyMTcwODUwfQ.R80BNMPg-ee29MuRGM8uAh-j0aRhXjvyd76dvTwU6Sw 200 2.834 ms - -"}
{"timestamp":"2025-10-28 11:32:53","level":"info","message":"OPTIONS /api/products/vendor 204 1.010 ms - 0"}
{"timestamp":"2025-10-28 11:32:53","level":"info","message":"OPTIONS /api/vendor/get 204 0.265 ms - 0"}
{"timestamp":"2025-10-28 11:32:54","level":"info","message":"GET /api/products/vendor 200 432.570 ms - 1097"}
{"timestamp":"2025-10-28 11:32:54","level":"info","message":"GET /api/vendor/get 304 439.118 ms - -"}
{"timestamp":"2025-10-28 11:33:03","level":"info","message":"OPTIONS /api/products/vendor 204 0.294 ms - 0"}
{"timestamp":"2025-10-28 11:33:05","level":"info","message":"GET /api/products/vendor 304 2474.274 ms - -"}
{"timestamp":"2025-10-28 11:33:05","level":"info","message":"GET /api/products/vendor 304 378.250 ms - -"}
{"timestamp":"2025-10-28 11:33:17","level":"info","message":"GET /api/orders/updates/vendor/eyJhbGciOiJIUzI1NiIsInR5cCI6IkpXVCJ9.eyJyb2xlIjoidmVuZG9yIiwiaWQiOjMsImlhdCI6MTc2MTU2NjA1MCwiZXhwIjoxNzYyMTcwODUwfQ.R80BNMPg-ee29MuRGM8uAh-j0aRhXjvyd76dvTwU6Sw 200 3.472 ms - -"}
{"timestamp":"2025-10-28 11:33:18","level":"info","message":"OPTIONS /api/products/vendor 204 0.263 ms - 0"}
{"timestamp":"2025-10-28 11:33:18","level":"info","message":"OPTIONS /api/vendor/get 204 0.286 ms - 0"}
{"timestamp":"2025-10-28 11:33:18","level":"info","message":"GET /api/products/vendor 304 455.632 ms - -"}
{"timestamp":"2025-10-28 11:33:18","level":"info","message":"GET /api/vendor/get 304 519.899 ms - -"}
{"timestamp":"2025-10-28 11:33:22","level":"info","message":"OPTIONS /api/products/product/delete/47 204 0.922 ms - 0"}
{"timestamp":"2025-10-28 11:33:22","level":"info","message":"DELETE /api/products/product/delete/47 400 739.098 ms - 74"}
{"timestamp":"2025-10-28 11:33:32","level":"info","message":"OPTIONS /api/product/categories 204 0.239 ms - 0"}
{"timestamp":"2025-10-28 11:33:33","level":"info","message":"GET /api/product/categories 304 666.259 ms - -"}
{"timestamp":"2025-10-28 11:33:49","level":"info","message":"OPTIONS /api/products/add 204 0.657 ms - 0"}
{"timestamp":"2025-10-28 11:33:54","level":"info","message":"POST /api/products/add 201 4794.150 ms - 328"}
{"timestamp":"2025-10-28 11:33:54","level":"info","message":"OPTIONS /api/products/vendor 204 0.267 ms - 0"}
{"timestamp":"2025-10-28 11:33:54","level":"info","message":"GET /api/products/vendor 200 352.742 ms - 1375"}
{"timestamp":"2025-10-28 11:33:59","level":"info","message":"OPTIONS /api/products/product/delete/51 204 0.364 ms - 0"}
{"timestamp":"2025-10-28 11:34:01","level":"info","message":"DELETE /api/products/product/delete/51 200 1333.761 ms - 21"}
{"timestamp":"2025-10-28 11:34:09","level":"info","message":"GET /api/orders/updates/vendor/eyJhbGciOiJIUzI1NiIsInR5cCI6IkpXVCJ9.eyJyb2xlIjoidmVuZG9yIiwiaWQiOjMsImlhdCI6MTc2MTU2NjA1MCwiZXhwIjoxNzYyMTcwODUwfQ.R80BNMPg-ee29MuRGM8uAh-j0aRhXjvyd76dvTwU6Sw 200 0.792 ms - -"}
{"timestamp":"2025-10-28 11:34:09","level":"info","message":"OPTIONS /api/products/vendor 204 0.212 ms - 0"}
{"timestamp":"2025-10-28 11:34:09","level":"info","message":"OPTIONS /api/vendor/get 204 0.211 ms - 0"}
{"timestamp":"2025-10-28 11:34:11","level":"info","message":"GET /api/vendor/get 304 1183.646 ms - -"}
{"timestamp":"2025-10-28 11:34:11","level":"info","message":"GET /api/products/vendor 200 1204.777 ms - 1097"}
{"timestamp":"2025-10-28 11:34:19","level":"info","message":"OPTIONS /api/products/vendor 204 0.323 ms - 0"}
{"timestamp":"2025-10-28 11:34:20","level":"info","message":"GET /api/products/vendor 304 749.533 ms - -"}
{"timestamp":"2025-10-28 11:34:22","level":"info","message":"GET /api/products/vendor 304 420.088 ms - -"}
{"timestamp":"2025-10-28 11:34:27","level":"info","message":"OPTIONS /api/products/vendor 204 0.276 ms - 0"}
{"timestamp":"2025-10-28 11:34:28","level":"info","message":"GET /api/products/vendor 304 535.846 ms - -"}
{"timestamp":"2025-10-28 11:34:29","level":"info","message":"GET /api/products/vendor 304 460.359 ms - -"}
{"timestamp":"2025-10-28 11:34:32","level":"info","message":"GET /api/products/vendor 304 538.286 ms - -"}
{"timestamp":"2025-10-28 11:34:33","level":"info","message":"OPTIONS /api/products/vendor 204 0.331 ms - 0"}
{"timestamp":"2025-10-28 11:34:33","level":"info","message":"GET /api/products/vendor 304 396.201 ms - -"}
{"timestamp":"2025-10-28 11:34:36","level":"info","message":"GET /api/products/vendor 304 467.516 ms - -"}
{"timestamp":"2025-10-28 11:34:41","level":"info","message":"OPTIONS /api/products/vendor 204 0.246 ms - 0"}
{"timestamp":"2025-10-28 11:34:42","level":"info","message":"GET /api/products/vendor 304 410.149 ms - -"}
{"timestamp":"2025-10-28 11:34:57","level":"info","message":"OPTIONS /api/products/vendor 204 0.283 ms - 0"}
{"timestamp":"2025-10-28 11:34:58","level":"info","message":"GET /api/products/vendor 304 514.964 ms - -"}
{"timestamp":"2025-10-28 11:35:04","level":"info","message":"OPTIONS /api/products/vendor 204 0.283 ms - 0"}
{"timestamp":"2025-10-28 11:35:04","level":"info","message":"GET /api/products/vendor 304 506.258 ms - -"}
{"timestamp":"2025-10-28 11:35:06","level":"info","message":"GET /api/products/vendor 304 468.346 ms - -"}
{"timestamp":"2025-10-28 11:35:07","level":"info","message":"OPTIONS /api/product/categories 204 0.268 ms - 0"}
{"timestamp":"2025-10-28 11:35:08","level":"info","message":"GET /api/product/categories 200 888.020 ms - 474"}
{"timestamp":"2025-10-28 11:35:08","level":"info","message":"GET /api/orders/updates/vendor/eyJhbGciOiJIUzI1NiIsInR5cCI6IkpXVCJ9.eyJyb2xlIjoidmVuZG9yIiwiaWQiOjMsImlhdCI6MTc2MTU2NjA1MCwiZXhwIjoxNzYyMTcwODUwfQ.R80BNMPg-ee29MuRGM8uAh-j0aRhXjvyd76dvTwU6Sw 200 1.725 ms - -"}
{"timestamp":"2025-10-28 11:35:09","level":"info","message":"OPTIONS /api/vendor/get 204 0.304 ms - 0"}
{"timestamp":"2025-10-28 11:35:10","level":"info","message":"GET /api/vendor/get 304 466.406 ms - -"}
{"timestamp":"2025-10-28 11:35:10","level":"info","message":"GET /api/product/categories 304 851.896 ms - -"}
{"timestamp":"2025-10-28 11:35:21","level":"info","message":"OPTIONS /api/products/add 204 0.882 ms - 0"}
{"timestamp":"2025-10-28 11:35:25","level":"info","message":"POST /api/products/add 201 4252.392 ms - 328"}
{"timestamp":"2025-10-28 11:35:26","level":"info","message":"OPTIONS /api/products/vendor 204 0.280 ms - 0"}
{"timestamp":"2025-10-28 11:35:26","level":"info","message":"GET /api/products/vendor 200 412.847 ms - 1375"}
{"timestamp":"2025-10-28 11:35:33","level":"info","message":"OPTIONS /api/products/product/delete/52 204 0.880 ms - 0"}
{"timestamp":"2025-10-28 11:35:34","level":"info","message":"DELETE /api/products/product/delete/52 200 1439.928 ms - 21"}
{"timestamp":"2025-10-28 11:36:11","level":"info","message":"OPTIONS /api/products/vendor 204 0.180 ms - 0"}
{"timestamp":"2025-10-28 11:36:11","level":"info","message":"GET /api/products/vendor 200 506.254 ms - 1097"}
{"timestamp":"2025-10-28 11:36:31","level":"info","message":"OPTIONS /api/products/vendor 204 0.166 ms - 0"}
{"timestamp":"2025-10-28 11:36:31","level":"info","message":"GET /api/products/vendor 304 500.748 ms - -"}
{"timestamp":"2025-10-28 11:36:32","level":"info","message":"OPTIONS /api/product/categories 204 0.387 ms - 0"}
{"timestamp":"2025-10-28 11:36:33","level":"info","message":"GET /api/product/categories 304 1088.261 ms - -"}
{"timestamp":"2025-10-28 11:36:34","level":"info","message":"GET /api/products/vendor 304 416.282 ms - -"}
{"timestamp":"2025-10-28 11:36:36","level":"info","message":"GET /api/product/categories 304 1074.949 ms - -"}
{"timestamp":"2025-10-28 11:36:52","level":"info","message":"OPTIONS /api/product/categories 204 1.668 ms - 0"}
{"timestamp":"2025-10-28 11:36:54","level":"info","message":"GET /api/product/categories 304 1311.627 ms - -"}
{"timestamp":"2025-10-28 11:41:13","level":"info","message":"GET /api/orders/updates/vendor/eyJhbGciOiJIUzI1NiIsInR5cCI6IkpXVCJ9.eyJyb2xlIjoidmVuZG9yIiwiaWQiOjMsImlhdCI6MTc2MTU2NjA1MCwiZXhwIjoxNzYyMTcwODUwfQ.R80BNMPg-ee29MuRGM8uAh-j0aRhXjvyd76dvTwU6Sw 200 1.080 ms - -"}
{"timestamp":"2025-10-28 11:41:22","level":"info","message":"GET /api/orders/updates/vendor/eyJhbGciOiJIUzI1NiIsInR5cCI6IkpXVCJ9.eyJyb2xlIjoidmVuZG9yIiwiaWQiOjMsImlhdCI6MTc2MTU2NjA1MCwiZXhwIjoxNzYyMTcwODUwfQ.R80BNMPg-ee29MuRGM8uAh-j0aRhXjvyd76dvTwU6Sw 200 0.591 ms - -"}
{"timestamp":"2025-10-28 11:43:24","level":"info","message":"OPTIONS /api/product/categories 204 0.616 ms - 0"}
{"timestamp":"2025-10-28 11:43:24","level":"info","message":"OPTIONS /api/vendor/get 204 0.493 ms - 0"}
{"timestamp":"2025-10-28 11:43:25","level":"info","message":"GET /api/vendor/get 304 1136.066 ms - -"}
{"timestamp":"2025-10-28 11:43:25","level":"info","message":"GET /api/product/categories 304 1785.044 ms - -"}
{"timestamp":"2025-10-28 11:43:41","level":"info","message":"GET /api/orders/updates/vendor/eyJhbGciOiJIUzI1NiIsInR5cCI6IkpXVCJ9.eyJyb2xlIjoidmVuZG9yIiwiaWQiOjMsImlhdCI6MTc2MTU2NjA1MCwiZXhwIjoxNzYyMTcwODUwfQ.R80BNMPg-ee29MuRGM8uAh-j0aRhXjvyd76dvTwU6Sw 200 1.112 ms - -"}
{"timestamp":"2025-10-28 11:43:41","level":"info","message":"OPTIONS /api/product/categories 204 0.218 ms - 0"}
{"timestamp":"2025-10-28 11:43:42","level":"info","message":"GET /api/product/categories 304 840.507 ms - -"}
{"timestamp":"2025-10-28 11:43:43","level":"info","message":"GET /api/orders/updates/vendor/eyJhbGciOiJIUzI1NiIsInR5cCI6IkpXVCJ9.eyJyb2xlIjoidmVuZG9yIiwiaWQiOjMsImlhdCI6MTc2MTU2NjA1MCwiZXhwIjoxNzYyMTcwODUwfQ.R80BNMPg-ee29MuRGM8uAh-j0aRhXjvyd76dvTwU6Sw 200 0.928 ms - -"}
{"timestamp":"2025-10-28 11:43:47","level":"info","message":"GET /api/orders/updates/vendor/eyJhbGciOiJIUzI1NiIsInR5cCI6IkpXVCJ9.eyJyb2xlIjoidmVuZG9yIiwiaWQiOjMsImlhdCI6MTc2MTU2NjA1MCwiZXhwIjoxNzYyMTcwODUwfQ.R80BNMPg-ee29MuRGM8uAh-j0aRhXjvyd76dvTwU6Sw 200 0.787 ms - -"}
{"timestamp":"2025-10-28 11:43:48","level":"info","message":"OPTIONS /api/product/categories 204 0.248 ms - 0"}
{"timestamp":"2025-10-28 11:43:48","level":"info","message":"OPTIONS /api/vendor/get 204 0.235 ms - 0"}
{"timestamp":"2025-10-28 11:43:48","level":"info","message":"GET /api/vendor/get 304 438.168 ms - -"}
{"timestamp":"2025-10-28 11:43:49","level":"info","message":"GET /api/product/categories 304 789.292 ms - -"}
{"timestamp":"2025-10-28 11:43:55","level":"info","message":"GET /api/orders/updates/vendor/eyJhbGciOiJIUzI1NiIsInR5cCI6IkpXVCJ9.eyJyb2xlIjoidmVuZG9yIiwiaWQiOjMsImlhdCI6MTc2MTU2NjA1MCwiZXhwIjoxNzYyMTcwODUwfQ.R80BNMPg-ee29MuRGM8uAh-j0aRhXjvyd76dvTwU6Sw 200 3.246 ms - -"}
{"timestamp":"2025-10-28 11:43:57","level":"info","message":"GET /api/orders/updates/vendor/eyJhbGciOiJIUzI1NiIsInR5cCI6IkpXVCJ9.eyJyb2xlIjoidmVuZG9yIiwiaWQiOjMsImlhdCI6MTc2MTU2NjA1MCwiZXhwIjoxNzYyMTcwODUwfQ.R80BNMPg-ee29MuRGM8uAh-j0aRhXjvyd76dvTwU6Sw 200 0.705 ms - -"}
{"timestamp":"2025-10-28 11:44:11","level":"info","message":"GET /api/orders/updates/vendor/eyJhbGciOiJIUzI1NiIsInR5cCI6IkpXVCJ9.eyJyb2xlIjoidmVuZG9yIiwiaWQiOjMsImlhdCI6MTc2MTU2NjA1MCwiZXhwIjoxNzYyMTcwODUwfQ.R80BNMPg-ee29MuRGM8uAh-j0aRhXjvyd76dvTwU6Sw 200 0.516 ms - -"}
{"timestamp":"2025-10-28 11:44:12","level":"info","message":"GET /api/orders/updates/vendor/eyJhbGciOiJIUzI1NiIsInR5cCI6IkpXVCJ9.eyJyb2xlIjoidmVuZG9yIiwiaWQiOjMsImlhdCI6MTc2MTU2NjA1MCwiZXhwIjoxNzYyMTcwODUwfQ.R80BNMPg-ee29MuRGM8uAh-j0aRhXjvyd76dvTwU6Sw 200 0.842 ms - -"}
{"timestamp":"2025-10-28 11:44:22","level":"info","message":"OPTIONS /api/product/categories 204 0.221 ms - 0"}
{"timestamp":"2025-10-28 11:44:25","level":"info","message":"GET /api/product/categories 304 2135.059 ms - -"}
{"timestamp":"2025-10-28 11:45:27","level":"info","message":"GET /api/orders/updates/vendor/eyJhbGciOiJIUzI1NiIsInR5cCI6IkpXVCJ9.eyJyb2xlIjoidmVuZG9yIiwiaWQiOjMsImlhdCI6MTc2MTU2NjA1MCwiZXhwIjoxNzYyMTcwODUwfQ.R80BNMPg-ee29MuRGM8uAh-j0aRhXjvyd76dvTwU6Sw 200 0.736 ms - -"}
{"timestamp":"2025-10-28 11:48:24","level":"info","message":"OPTIONS /api/product/categories 204 0.216 ms - 0"}
{"timestamp":"2025-10-28 11:48:24","level":"info","message":"OPTIONS /api/vendor/get 204 0.205 ms - 0"}
{"timestamp":"2025-10-28 11:48:24","level":"info","message":"GET /api/vendor/get 304 418.182 ms - -"}
{"timestamp":"2025-10-28 11:48:24","level":"info","message":"GET /api/product/categories 304 749.111 ms - -"}
{"timestamp":"2025-10-28 11:48:27","level":"info","message":"GET /api/orders/updates/vendor/eyJhbGciOiJIUzI1NiIsInR5cCI6IkpXVCJ9.eyJyb2xlIjoidmVuZG9yIiwiaWQiOjMsImlhdCI6MTc2MTU2NjA1MCwiZXhwIjoxNzYyMTcwODUwfQ.R80BNMPg-ee29MuRGM8uAh-j0aRhXjvyd76dvTwU6Sw 200 0.998 ms - -"}
{"timestamp":"2025-10-28 11:48:28","level":"info","message":"GET /api/vendor/get 304 952.498 ms - -"}
{"timestamp":"2025-10-28 11:48:29","level":"info","message":"OPTIONS /api/product/categories 204 0.401 ms - 0"}
{"timestamp":"2025-10-28 11:48:29","level":"info","message":"GET /api/product/categories 304 1418.611 ms - -"}
{"timestamp":"2025-10-28 11:48:30","level":"info","message":"GET /api/product/categories 304 716.198 ms - -"}
{"timestamp":"2025-10-28 11:48:32","level":"info","message":"GET /api/product/categories 304 1107.110 ms - -"}
{"timestamp":"2025-10-28 11:48:40","level":"info","message":"GET /api/orders/updates/vendor/eyJhbGciOiJIUzI1NiIsInR5cCI6IkpXVCJ9.eyJyb2xlIjoidmVuZG9yIiwiaWQiOjMsImlhdCI6MTc2MTU2NjA1MCwiZXhwIjoxNzYyMTcwODUwfQ.R80BNMPg-ee29MuRGM8uAh-j0aRhXjvyd76dvTwU6Sw 200 1.203 ms - -"}
{"timestamp":"2025-10-28 11:48:41","level":"info","message":"OPTIONS /api/product/categories 204 0.361 ms - 0"}
{"timestamp":"2025-10-28 11:48:41","level":"info","message":"OPTIONS /api/vendor/get 204 0.227 ms - 0"}
{"timestamp":"2025-10-28 11:48:41","level":"info","message":"GET /api/vendor/get 304 757.463 ms - -"}
{"timestamp":"2025-10-28 11:48:42","level":"info","message":"GET /api/product/categories 304 1116.498 ms - -"}
{"timestamp":"2025-10-28 11:48:44","level":"info","message":"GET /api/product/categories 304 810.532 ms - -"}
{"timestamp":"2025-10-28 11:48:53","level":"info","message":"OPTIONS /api/product/categories 204 0.198 ms - 0"}
{"timestamp":"2025-10-28 11:48:53","level":"info","message":"GET /api/product/categories 304 938.538 ms - -"}
{"timestamp":"2025-10-28 11:50:17","level":"info","message":"GET /api/orders/updates/vendor/eyJhbGciOiJIUzI1NiIsInR5cCI6IkpXVCJ9.eyJyb2xlIjoidmVuZG9yIiwiaWQiOjMsImlhdCI6MTc2MTU2NjA1MCwiZXhwIjoxNzYyMTcwODUwfQ.R80BNMPg-ee29MuRGM8uAh-j0aRhXjvyd76dvTwU6Sw 200 0.875 ms - -"}
{"timestamp":"2025-10-28 11:50:18","level":"info","message":"OPTIONS /api/product/categories 204 0.230 ms - 0"}
{"timestamp":"2025-10-28 11:50:18","level":"info","message":"OPTIONS /api/vendor/get 204 0.223 ms - 0"}
{"timestamp":"2025-10-28 11:50:19","level":"info","message":"GET /api/vendor/get 304 377.157 ms - -"}
{"timestamp":"2025-10-28 11:50:19","level":"info","message":"GET /api/product/categories 304 900.965 ms - -"}
{"timestamp":"2025-10-28 11:50:21","level":"info","message":"GET /api/orders/updates/vendor/eyJhbGciOiJIUzI1NiIsInR5cCI6IkpXVCJ9.eyJyb2xlIjoidmVuZG9yIiwiaWQiOjMsImlhdCI6MTc2MTU2NjA1MCwiZXhwIjoxNzYyMTcwODUwfQ.R80BNMPg-ee29MuRGM8uAh-j0aRhXjvyd76dvTwU6Sw 200 0.802 ms - -"}
{"timestamp":"2025-10-28 11:50:23","level":"info","message":"GET /api/vendor/get 304 605.716 ms - -"}
{"timestamp":"2025-10-28 11:50:23","level":"info","message":"GET /api/product/categories 304 1044.166 ms - -"}
{"timestamp":"2025-10-28 11:50:32","level":"info","message":"OPTIONS /api/product/categories 204 0.220 ms - 0"}
{"timestamp":"2025-10-28 11:50:34","level":"info","message":"GET /api/product/categories 304 1511.423 ms - -"}
{"timestamp":"2025-10-28 11:50:52","level":"info","message":"GET /api/orders/updates/vendor/eyJhbGciOiJIUzI1NiIsInR5cCI6IkpXVCJ9.eyJyb2xlIjoidmVuZG9yIiwiaWQiOjMsImlhdCI6MTc2MTU2NjA1MCwiZXhwIjoxNzYyMTcwODUwfQ.R80BNMPg-ee29MuRGM8uAh-j0aRhXjvyd76dvTwU6Sw 200 0.785 ms - -"}
{"timestamp":"2025-10-28 11:50:53","level":"info","message":"OPTIONS /api/product/categories 204 0.215 ms - 0"}
{"timestamp":"2025-10-28 11:50:53","level":"info","message":"OPTIONS /api/vendor/get 204 0.227 ms - 0"}
{"timestamp":"2025-10-28 11:50:53","level":"info","message":"GET /api/vendor/get 304 403.256 ms - -"}
{"timestamp":"2025-10-28 11:50:54","level":"info","message":"GET /api/product/categories 304 1130.820 ms - -"}
{"timestamp":"2025-10-28 11:50:58","level":"info","message":"GET /api/product/categories 304 1027.916 ms - -"}
{"timestamp":"2025-10-28 11:52:33","level":"info","message":"GET /api/orders/updates/vendor/eyJhbGciOiJIUzI1NiIsInR5cCI6IkpXVCJ9.eyJyb2xlIjoidmVuZG9yIiwiaWQiOjMsImlhdCI6MTc2MTU2NjA1MCwiZXhwIjoxNzYyMTcwODUwfQ.R80BNMPg-ee29MuRGM8uAh-j0aRhXjvyd76dvTwU6Sw 200 0.800 ms - -"}
{"timestamp":"2025-10-28 11:52:34","level":"info","message":"OPTIONS /api/product/categories 204 0.209 ms - 0"}
{"timestamp":"2025-10-28 11:52:34","level":"info","message":"OPTIONS /api/vendor/get 204 0.194 ms - 0"}
{"timestamp":"2025-10-28 11:52:35","level":"info","message":"GET /api/vendor/get 304 442.945 ms - -"}
{"timestamp":"2025-10-28 11:52:35","level":"info","message":"GET /api/product/categories 304 1017.142 ms - -"}
{"timestamp":"2025-10-28 11:52:45","level":"info","message":"OPTIONS /api/product/categories 204 0.202 ms - 0"}
{"timestamp":"2025-10-28 11:52:46","level":"info","message":"GET /api/product/categories 304 1081.918 ms - -"}
{"timestamp":"2025-10-28 11:52:50","level":"info","message":"OPTIONS /api/product/categories 204 0.270 ms - 0"}
{"timestamp":"2025-10-28 11:52:51","level":"info","message":"GET /api/product/categories 304 1569.488 ms - -"}
{"timestamp":"2025-10-28 11:52:53","level":"info","message":"GET /api/product/categories 304 892.521 ms - -"}
{"timestamp":"2025-10-28 11:52:55","level":"info","message":"GET /api/product/categories 304 831.646 ms - -"}
{"timestamp":"2025-10-28 11:53:28","level":"info","message":"GET /api/orders/updates/vendor/eyJhbGciOiJIUzI1NiIsInR5cCI6IkpXVCJ9.eyJyb2xlIjoidmVuZG9yIiwiaWQiOjMsImlhdCI6MTc2MTU2NjA1MCwiZXhwIjoxNzYyMTcwODUwfQ.R80BNMPg-ee29MuRGM8uAh-j0aRhXjvyd76dvTwU6Sw 200 0.823 ms - -"}
{"timestamp":"2025-10-28 11:53:29","level":"info","message":"OPTIONS /api/product/categories 204 0.222 ms - 0"}
{"timestamp":"2025-10-28 11:53:29","level":"info","message":"OPTIONS /api/vendor/get 204 0.830 ms - 0"}
{"timestamp":"2025-10-28 11:53:31","level":"info","message":"GET /api/product/categories 304 1833.353 ms - -"}
{"timestamp":"2025-10-28 11:53:31","level":"info","message":"GET /api/vendor/get 304 2210.317 ms - -"}
{"timestamp":"2025-10-28 11:53:44","level":"info","message":"OPTIONS /api/product/categories 204 0.273 ms - 0"}
{"timestamp":"2025-10-28 11:53:46","level":"info","message":"GET /api/product/categories 304 1423.076 ms - -"}
{"timestamp":"2025-10-28 11:54:43","level":"info","message":"GET /api/orders/updates/vendor/eyJhbGciOiJIUzI1NiIsInR5cCI6IkpXVCJ9.eyJyb2xlIjoidmVuZG9yIiwiaWQiOjMsImlhdCI6MTc2MTU2NjA1MCwiZXhwIjoxNzYyMTcwODUwfQ.R80BNMPg-ee29MuRGM8uAh-j0aRhXjvyd76dvTwU6Sw 200 1.154 ms - -"}
{"timestamp":"2025-10-28 11:54:44","level":"info","message":"OPTIONS /api/product/categories 204 0.304 ms - 0"}
{"timestamp":"2025-10-28 11:54:44","level":"info","message":"OPTIONS /api/vendor/get 204 0.219 ms - 0"}
{"timestamp":"2025-10-28 11:54:45","level":"info","message":"GET /api/vendor/get 304 397.166 ms - -"}
{"timestamp":"2025-10-28 11:54:45","level":"info","message":"GET /api/product/categories 304 873.193 ms - -"}
{"timestamp":"2025-10-28 11:54:59","level":"info","message":"GET /api/orders/updates/vendor/eyJhbGciOiJIUzI1NiIsInR5cCI6IkpXVCJ9.eyJyb2xlIjoidmVuZG9yIiwiaWQiOjMsImlhdCI6MTc2MTU2NjA1MCwiZXhwIjoxNzYyMTcwODUwfQ.R80BNMPg-ee29MuRGM8uAh-j0aRhXjvyd76dvTwU6Sw 200 0.858 ms - -"}
{"timestamp":"2025-10-28 11:54:59","level":"info","message":"OPTIONS /api/product/categories 204 0.282 ms - 0"}
{"timestamp":"2025-10-28 11:54:59","level":"info","message":"OPTIONS /api/vendor/get 204 0.221 ms - 0"}
{"timestamp":"2025-10-28 11:55:00","level":"info","message":"GET /api/vendor/get 304 406.960 ms - -"}
{"timestamp":"2025-10-28 11:55:00","level":"info","message":"GET /api/product/categories 304 964.953 ms - -"}
{"timestamp":"2025-10-28 11:55:09","level":"info","message":"OPTIONS /api/product/categories 204 0.213 ms - 0"}
{"timestamp":"2025-10-28 11:55:10","level":"info","message":"GET /api/product/categories 304 924.641 ms - -"}
{"timestamp":"2025-10-28 11:58:19","level":"info","message":"GET /api/orders/updates/vendor/eyJhbGciOiJIUzI1NiIsInR5cCI6IkpXVCJ9.eyJyb2xlIjoidmVuZG9yIiwiaWQiOjMsImlhdCI6MTc2MTU2NjA1MCwiZXhwIjoxNzYyMTcwODUwfQ.R80BNMPg-ee29MuRGM8uAh-j0aRhXjvyd76dvTwU6Sw 200 0.802 ms - -"}
{"timestamp":"2025-10-28 11:58:20","level":"info","message":"OPTIONS /api/product/categories 204 0.216 ms - 0"}
{"timestamp":"2025-10-28 11:58:20","level":"info","message":"OPTIONS /api/vendor/get 204 0.230 ms - 0"}
{"timestamp":"2025-10-28 11:58:20","level":"info","message":"GET /api/vendor/get 304 514.479 ms - -"}
{"timestamp":"2025-10-28 11:58:21","level":"info","message":"GET /api/product/categories 304 854.330 ms - -"}
{"timestamp":"2025-10-28 11:58:42","level":"info","message":"OPTIONS /api/product/categories 204 0.277 ms - 0"}
{"timestamp":"2025-10-28 11:58:43","level":"info","message":"GET /api/product/categories 304 1282.099 ms - -"}
{"timestamp":"2025-10-28 11:59:33","level":"info","message":"GET /api/orders/updates/vendor/eyJhbGciOiJIUzI1NiIsInR5cCI6IkpXVCJ9.eyJyb2xlIjoidmVuZG9yIiwiaWQiOjMsImlhdCI6MTc2MTU2NjA1MCwiZXhwIjoxNzYyMTcwODUwfQ.R80BNMPg-ee29MuRGM8uAh-j0aRhXjvyd76dvTwU6Sw 200 0.986 ms - -"}
{"timestamp":"2025-10-28 11:59:34","level":"info","message":"OPTIONS /api/product/categories 204 0.355 ms - 0"}
{"timestamp":"2025-10-28 11:59:34","level":"info","message":"OPTIONS /api/vendor/get 204 0.246 ms - 0"}
{"timestamp":"2025-10-28 11:59:34","level":"info","message":"GET /api/vendor/get 304 417.826 ms - -"}
{"timestamp":"2025-10-28 11:59:35","level":"info","message":"GET /api/product/categories 304 1002.957 ms - -"}
{"timestamp":"2025-10-28 11:59:43","level":"info","message":"OPTIONS /api/product/categories 204 0.449 ms - 0"}
{"timestamp":"2025-10-28 11:59:45","level":"info","message":"GET /api/product/categories 304 2284.050 ms - -"}
{"timestamp":"2025-10-28 12:00:48","level":"info","message":"GET /api/orders/updates/vendor/eyJhbGciOiJIUzI1NiIsInR5cCI6IkpXVCJ9.eyJyb2xlIjoidmVuZG9yIiwiaWQiOjMsImlhdCI6MTc2MTU2NjA1MCwiZXhwIjoxNzYyMTcwODUwfQ.R80BNMPg-ee29MuRGM8uAh-j0aRhXjvyd76dvTwU6Sw 200 0.669 ms - -"}
{"timestamp":"2025-10-28 12:00:49","level":"info","message":"OPTIONS /api/product/categories 204 0.246 ms - 0"}
{"timestamp":"2025-10-28 12:00:49","level":"info","message":"OPTIONS /api/vendor/get 204 0.219 ms - 0"}
{"timestamp":"2025-10-28 12:00:49","level":"info","message":"GET /api/vendor/get 304 611.464 ms - -"}
{"timestamp":"2025-10-28 12:00:50","level":"info","message":"GET /api/product/categories 304 1344.787 ms - -"}
{"timestamp":"2025-10-28 12:00:56","level":"info","message":"OPTIONS /api/product/categories 204 0.198 ms - 0"}
{"timestamp":"2025-10-28 12:00:57","level":"info","message":"GET /api/product/categories 304 754.692 ms - -"}
{"timestamp":"2025-10-28 12:01:01","level":"info","message":"GET /api/product/categories 304 938.468 ms - -"}
{"timestamp":"2025-10-28 12:01:20","level":"info","message":"GET /api/orders/updates/vendor/eyJhbGciOiJIUzI1NiIsInR5cCI6IkpXVCJ9.eyJyb2xlIjoidmVuZG9yIiwiaWQiOjMsImlhdCI6MTc2MTU2NjA1MCwiZXhwIjoxNzYyMTcwODUwfQ.R80BNMPg-ee29MuRGM8uAh-j0aRhXjvyd76dvTwU6Sw 200 1.078 ms - -"}
{"timestamp":"2025-10-28 12:01:20","level":"info","message":"OPTIONS /api/product/categories 204 0.210 ms - 0"}
{"timestamp":"2025-10-28 12:01:20","level":"info","message":"OPTIONS /api/vendor/get 204 0.240 ms - 0"}
{"timestamp":"2025-10-28 12:01:21","level":"info","message":"GET /api/vendor/get 304 621.538 ms - -"}
{"timestamp":"2025-10-28 12:01:21","level":"info","message":"GET /api/product/categories 304 1059.325 ms - -"}
{"timestamp":"2025-10-28 12:01:25","level":"info","message":"GET /api/product/categories 304 796.143 ms - -"}
{"timestamp":"2025-10-28 12:01:50","level":"info","message":"GET /api/orders/updates/vendor/eyJhbGciOiJIUzI1NiIsInR5cCI6IkpXVCJ9.eyJyb2xlIjoidmVuZG9yIiwiaWQiOjMsImlhdCI6MTc2MTU2NjA1MCwiZXhwIjoxNzYyMTcwODUwfQ.R80BNMPg-ee29MuRGM8uAh-j0aRhXjvyd76dvTwU6Sw 200 1.051 ms - -"}
{"timestamp":"2025-10-28 12:01:50","level":"info","message":"OPTIONS /api/product/categories 204 0.239 ms - 0"}
{"timestamp":"2025-10-28 12:01:50","level":"info","message":"OPTIONS /api/vendor/get 204 0.473 ms - 0"}
{"timestamp":"2025-10-28 12:01:51","level":"info","message":"GET /api/vendor/get 304 395.306 ms - -"}
{"timestamp":"2025-10-28 12:01:51","level":"info","message":"GET /api/product/categories 304 821.214 ms - -"}
{"timestamp":"2025-10-28 12:02:03","level":"info","message":"GET /api/orders/updates/vendor/eyJhbGciOiJIUzI1NiIsInR5cCI6IkpXVCJ9.eyJyb2xlIjoidmVuZG9yIiwiaWQiOjMsImlhdCI6MTc2MTU2NjA1MCwiZXhwIjoxNzYyMTcwODUwfQ.R80BNMPg-ee29MuRGM8uAh-j0aRhXjvyd76dvTwU6Sw 200 0.792 ms - -"}
{"timestamp":"2025-10-28 12:02:04","level":"info","message":"OPTIONS /api/product/categories 204 0.242 ms - 0"}
{"timestamp":"2025-10-28 12:02:04","level":"info","message":"OPTIONS /api/vendor/get 204 0.233 ms - 0"}
{"timestamp":"2025-10-28 12:02:04","level":"info","message":"GET /api/vendor/get 304 329.232 ms - -"}
{"timestamp":"2025-10-28 12:02:05","level":"info","message":"GET /api/product/categories 304 776.481 ms - -"}
{"timestamp":"2025-10-28 12:02:09","level":"info","message":"GET /api/product/categories 304 856.823 ms - -"}
{"timestamp":"2025-10-28 12:02:30","level":"info","message":"GET /api/orders/updates/vendor/eyJhbGciOiJIUzI1NiIsInR5cCI6IkpXVCJ9.eyJyb2xlIjoidmVuZG9yIiwiaWQiOjMsImlhdCI6MTc2MTU2NjA1MCwiZXhwIjoxNzYyMTcwODUwfQ.R80BNMPg-ee29MuRGM8uAh-j0aRhXjvyd76dvTwU6Sw 200 0.831 ms - -"}
{"timestamp":"2025-10-28 12:02:31","level":"info","message":"OPTIONS /api/product/categories 204 0.636 ms - 0"}
{"timestamp":"2025-10-28 12:02:31","level":"info","message":"OPTIONS /api/vendor/get 204 0.222 ms - 0"}
{"timestamp":"2025-10-28 12:02:32","level":"info","message":"GET /api/vendor/get 304 454.644 ms - -"}
{"timestamp":"2025-10-28 12:02:32","level":"info","message":"GET /api/product/categories 304 886.534 ms - -"}
{"timestamp":"2025-10-28 12:02:33","level":"info","message":"GET /api/orders/updates/vendor/eyJhbGciOiJIUzI1NiIsInR5cCI6IkpXVCJ9.eyJyb2xlIjoidmVuZG9yIiwiaWQiOjMsImlhdCI6MTc2MTU2NjA1MCwiZXhwIjoxNzYyMTcwODUwfQ.R80BNMPg-ee29MuRGM8uAh-j0aRhXjvyd76dvTwU6Sw 200 0.797 ms - -"}
{"timestamp":"2025-10-28 12:02:34","level":"info","message":"GET /api/vendor/get 304 398.660 ms - -"}
{"timestamp":"2025-10-28 12:02:35","level":"info","message":"GET /api/product/categories 304 848.731 ms - -"}
{"timestamp":"2025-10-28 12:03:08","level":"info","message":"GET /api/orders/updates/vendor/eyJhbGciOiJIUzI1NiIsInR5cCI6IkpXVCJ9.eyJyb2xlIjoidmVuZG9yIiwiaWQiOjMsImlhdCI6MTc2MTU2NjA1MCwiZXhwIjoxNzYyMTcwODUwfQ.R80BNMPg-ee29MuRGM8uAh-j0aRhXjvyd76dvTwU6Sw 200 0.779 ms - -"}
{"timestamp":"2025-10-28 12:03:08","level":"info","message":"OPTIONS /api/product/categories 204 0.257 ms - 0"}
{"timestamp":"2025-10-28 12:03:08","level":"info","message":"OPTIONS /api/vendor/get 204 0.296 ms - 0"}
{"timestamp":"2025-10-28 12:03:09","level":"info","message":"GET /api/vendor/get 304 455.152 ms - -"}
{"timestamp":"2025-10-28 12:03:09","level":"info","message":"GET /api/product/categories 304 803.205 ms - -"}
{"timestamp":"2025-10-28 12:03:14","level":"info","message":"GET /api/product/categories 304 688.872 ms - -"}
{"timestamp":"2025-10-28 12:03:15","level":"info","message":"OPTIONS /api/product/categories 204 1.353 ms - 0"}
{"timestamp":"2025-10-28 12:03:16","level":"info","message":"GET /api/product/categories 304 716.968 ms - -"}
{"timestamp":"2025-10-28 12:04:07","level":"info","message":"GET /api/orders/updates/vendor/eyJhbGciOiJIUzI1NiIsInR5cCI6IkpXVCJ9.eyJyb2xlIjoidmVuZG9yIiwiaWQiOjMsImlhdCI6MTc2MTU2NjA1MCwiZXhwIjoxNzYyMTcwODUwfQ.R80BNMPg-ee29MuRGM8uAh-j0aRhXjvyd76dvTwU6Sw 200 1.023 ms - -"}
{"timestamp":"2025-10-28 12:04:08","level":"info","message":"OPTIONS /api/product/categories 204 0.287 ms - 0"}
{"timestamp":"2025-10-28 12:04:08","level":"info","message":"OPTIONS /api/vendor/get 204 0.282 ms - 0"}
{"timestamp":"2025-10-28 12:04:08","level":"info","message":"GET /api/vendor/get 304 509.279 ms - -"}
{"timestamp":"2025-10-28 12:04:11","level":"info","message":"GET /api/product/categories 304 2728.685 ms - -"}
{"timestamp":"2025-10-28 12:04:13","level":"info","message":"GET /api/product/categories 304 923.888 ms - -"}
{"timestamp":"2025-10-28 12:04:20","level":"info","message":"OPTIONS /api/product/categories 204 0.219 ms - 0"}
{"timestamp":"2025-10-28 12:04:21","level":"info","message":"GET /api/product/categories 304 894.780 ms - -"}
{"timestamp":"2025-10-28 12:04:23","level":"info","message":"GET /api/product/categories 304 706.194 ms - -"}
{"timestamp":"2025-10-28 12:04:25","level":"info","message":"GET /api/orders/updates/vendor/eyJhbGciOiJIUzI1NiIsInR5cCI6IkpXVCJ9.eyJyb2xlIjoidmVuZG9yIiwiaWQiOjMsImlhdCI6MTc2MTU2NjA1MCwiZXhwIjoxNzYyMTcwODUwfQ.R80BNMPg-ee29MuRGM8uAh-j0aRhXjvyd76dvTwU6Sw 200 1.232 ms - -"}
{"timestamp":"2025-10-28 12:04:26","level":"info","message":"OPTIONS /api/vendor/get 204 0.311 ms - 0"}
{"timestamp":"2025-10-28 12:04:26","level":"info","message":"GET /api/vendor/get 304 413.681 ms - -"}
{"timestamp":"2025-10-28 12:04:27","level":"info","message":"OPTIONS /api/product/categories 204 0.265 ms - 0"}
{"timestamp":"2025-10-28 12:04:27","level":"info","message":"GET /api/product/categories 304 847.126 ms - -"}
{"timestamp":"2025-10-28 12:04:30","level":"info","message":"GET /api/product/categories 304 690.073 ms - -"}
{"timestamp":"2025-10-28 12:06:27","level":"info","message":"GET /api/orders/updates/vendor/eyJhbGciOiJIUzI1NiIsInR5cCI6IkpXVCJ9.eyJyb2xlIjoidmVuZG9yIiwiaWQiOjMsImlhdCI6MTc2MTU2NjA1MCwiZXhwIjoxNzYyMTcwODUwfQ.R80BNMPg-ee29MuRGM8uAh-j0aRhXjvyd76dvTwU6Sw 200 2.801 ms - -"}
{"timestamp":"2025-10-28 12:07:00","level":"info","message":"OPTIONS /api/product/categories 204 0.427 ms - 0"}
{"timestamp":"2025-10-28 12:07:00","level":"info","message":"OPTIONS /api/vendor/get 204 0.218 ms - 0"}
{"timestamp":"2025-10-28 12:07:01","level":"info","message":"GET /api/product/categories 304 944.273 ms - -"}
{"timestamp":"2025-10-28 12:07:01","level":"info","message":"GET /api/vendor/get 304 1121.181 ms - -"}
{"timestamp":"2025-10-28 12:07:08","level":"info","message":"GET /api/orders/updates/vendor/eyJhbGciOiJIUzI1NiIsInR5cCI6IkpXVCJ9.eyJyb2xlIjoidmVuZG9yIiwiaWQiOjMsImlhdCI6MTc2MTU2NjA1MCwiZXhwIjoxNzYyMTcwODUwfQ.R80BNMPg-ee29MuRGM8uAh-j0aRhXjvyd76dvTwU6Sw 200 1.767 ms - -"}
{"timestamp":"2025-10-28 12:07:09","level":"info","message":"OPTIONS /api/product/categories 204 0.231 ms - 0"}
{"timestamp":"2025-10-28 12:07:09","level":"info","message":"OPTIONS /api/vendor/get 204 0.476 ms - 0"}
{"timestamp":"2025-10-28 12:07:09","level":"info","message":"GET /api/vendor/get 304 358.217 ms - -"}
{"timestamp":"2025-10-28 12:07:10","level":"info","message":"GET /api/product/categories 304 844.873 ms - -"}
{"timestamp":"2025-10-28 12:07:13","level":"info","message":"GET /api/product/categories 304 974.454 ms - -"}
{"timestamp":"2025-10-28 12:07:14","level":"info","message":"OPTIONS /api/product/categories 204 1.590 ms - 0"}
{"timestamp":"2025-10-28 12:07:15","level":"info","message":"GET /api/product/categories 304 689.956 ms - -"}
{"timestamp":"2025-10-28 12:08:00","level":"info","message":"GET /api/orders/updates/vendor/eyJhbGciOiJIUzI1NiIsInR5cCI6IkpXVCJ9.eyJyb2xlIjoidmVuZG9yIiwiaWQiOjMsImlhdCI6MTc2MTU2NjA1MCwiZXhwIjoxNzYyMTcwODUwfQ.R80BNMPg-ee29MuRGM8uAh-j0aRhXjvyd76dvTwU6Sw 200 0.762 ms - -"}
{"timestamp":"2025-10-28 12:08:44","level":"info","message":"OPTIONS /api/vendor/get 204 0.481 ms - 0"}
{"timestamp":"2025-10-28 12:08:44","level":"info","message":"GET /api/vendor/get 304 448.873 ms - -"}
{"timestamp":"2025-10-28 12:08:47","level":"info","message":"OPTIONS /api/product/categories 204 4.151 ms - 0"}
{"timestamp":"2025-10-28 12:08:47","level":"info","message":"GET /api/orders/updates/vendor/eyJhbGciOiJIUzI1NiIsInR5cCI6IkpXVCJ9.eyJyb2xlIjoidmVuZG9yIiwiaWQiOjMsImlhdCI6MTc2MTU2NjA1MCwiZXhwIjoxNzYyMTcwODUwfQ.R80BNMPg-ee29MuRGM8uAh-j0aRhXjvyd76dvTwU6Sw 200 0.759 ms - -"}
{"timestamp":"2025-10-28 12:08:48","level":"info","message":"GET /api/product/categories 304 719.658 ms - -"}
{"timestamp":"2025-10-28 12:08:49","level":"info","message":"GET /api/orders/updates/vendor/eyJhbGciOiJIUzI1NiIsInR5cCI6IkpXVCJ9.eyJyb2xlIjoidmVuZG9yIiwiaWQiOjMsImlhdCI6MTc2MTU2NjA1MCwiZXhwIjoxNzYyMTcwODUwfQ.R80BNMPg-ee29MuRGM8uAh-j0aRhXjvyd76dvTwU6Sw 200 3.105 ms - -"}
{"timestamp":"2025-10-28 12:08:49","level":"info","message":"OPTIONS /api/vendor/get 204 0.500 ms - 0"}
{"timestamp":"2025-10-28 12:08:50","level":"info","message":"GET /api/vendor/get 304 626.265 ms - -"}
{"timestamp":"2025-10-28 12:08:50","level":"info","message":"GET /api/product/categories 304 888.735 ms - -"}
{"timestamp":"2025-10-28 12:08:55","level":"info","message":"OPTIONS /api/product/categories 204 0.234 ms - 0"}
{"timestamp":"2025-10-28 12:08:56","level":"info","message":"GET /api/product/categories 304 790.123 ms - -"}
{"timestamp":"2025-10-28 12:08:58","level":"info","message":"GET /api/product/categories 304 613.362 ms - -"}
{"timestamp":"2025-10-28 12:09:08","level":"info","message":"GET /api/orders/updates/vendor/eyJhbGciOiJIUzI1NiIsInR5cCI6IkpXVCJ9.eyJyb2xlIjoidmVuZG9yIiwiaWQiOjMsImlhdCI6MTc2MTU2NjA1MCwiZXhwIjoxNzYyMTcwODUwfQ.R80BNMPg-ee29MuRGM8uAh-j0aRhXjvyd76dvTwU6Sw 200 0.798 ms - -"}
{"timestamp":"2025-10-28 12:09:13","level":"info","message":"GET /api/orders/updates/vendor/eyJhbGciOiJIUzI1NiIsInR5cCI6IkpXVCJ9.eyJyb2xlIjoidmVuZG9yIiwiaWQiOjMsImlhdCI6MTc2MTU2NjA1MCwiZXhwIjoxNzYyMTcwODUwfQ.R80BNMPg-ee29MuRGM8uAh-j0aRhXjvyd76dvTwU6Sw 200 0.653 ms - -"}
{"timestamp":"2025-10-28 12:09:16","level":"info","message":"GET /api/orders/updates/vendor/eyJhbGciOiJIUzI1NiIsInR5cCI6IkpXVCJ9.eyJyb2xlIjoidmVuZG9yIiwiaWQiOjMsImlhdCI6MTc2MTU2NjA1MCwiZXhwIjoxNzYyMTcwODUwfQ.R80BNMPg-ee29MuRGM8uAh-j0aRhXjvyd76dvTwU6Sw 200 0.924 ms - -"}
{"timestamp":"2025-10-28 12:09:17","level":"info","message":"GET /api/orders/updates/vendor/eyJhbGciOiJIUzI1NiIsInR5cCI6IkpXVCJ9.eyJyb2xlIjoidmVuZG9yIiwiaWQiOjMsImlhdCI6MTc2MTU2NjA1MCwiZXhwIjoxNzYyMTcwODUwfQ.R80BNMPg-ee29MuRGM8uAh-j0aRhXjvyd76dvTwU6Sw 200 3.903 ms - -"}
{"timestamp":"2025-10-28 12:09:17","level":"info","message":"OPTIONS /api/product/categories 204 0.195 ms - 0"}
{"timestamp":"2025-10-28 12:09:17","level":"info","message":"OPTIONS /api/vendor/get 204 0.807 ms - 0"}
{"timestamp":"2025-10-28 12:09:18","level":"info","message":"GET /api/product/categories 304 740.103 ms - -"}
{"timestamp":"2025-10-28 12:09:18","level":"info","message":"GET /api/vendor/get 304 1115.873 ms - -"}
{"timestamp":"2025-10-28 12:09:20","level":"info","message":"GET /api/orders/updates/vendor/eyJhbGciOiJIUzI1NiIsInR5cCI6IkpXVCJ9.eyJyb2xlIjoidmVuZG9yIiwiaWQiOjMsImlhdCI6MTc2MTU2NjA1MCwiZXhwIjoxNzYyMTcwODUwfQ.R80BNMPg-ee29MuRGM8uAh-j0aRhXjvyd76dvTwU6Sw 200 0.819 ms - -"}
{"timestamp":"2025-10-28 12:09:21","level":"info","message":"GET /api/vendor/get 304 318.116 ms - -"}
{"timestamp":"2025-10-28 12:09:21","level":"info","message":"GET /api/product/categories 304 654.120 ms - -"}
{"timestamp":"2025-10-28 12:09:25","level":"info","message":"OPTIONS /api/product/categories 204 0.362 ms - 0"}
{"timestamp":"2025-10-28 12:09:26","level":"info","message":"GET /api/product/categories 304 752.980 ms - -"}
{"timestamp":"2025-10-28 12:09:29","level":"info","message":"GET /api/product/categories 304 688.537 ms - -"}
{"timestamp":"2025-10-28 12:09:50","level":"info","message":"GET /api/orders/updates/vendor/eyJhbGciOiJIUzI1NiIsInR5cCI6IkpXVCJ9.eyJyb2xlIjoidmVuZG9yIiwiaWQiOjMsImlhdCI6MTc2MTU2NjA1MCwiZXhwIjoxNzYyMTcwODUwfQ.R80BNMPg-ee29MuRGM8uAh-j0aRhXjvyd76dvTwU6Sw 200 1.238 ms - -"}
{"timestamp":"2025-10-28 12:10:03","level":"info","message":"GET /api/orders/updates/vendor/eyJhbGciOiJIUzI1NiIsInR5cCI6IkpXVCJ9.eyJyb2xlIjoidmVuZG9yIiwiaWQiOjMsImlhdCI6MTc2MTU2NjA1MCwiZXhwIjoxNzYyMTcwODUwfQ.R80BNMPg-ee29MuRGM8uAh-j0aRhXjvyd76dvTwU6Sw 200 0.608 ms - -"}
{"timestamp":"2025-10-28 12:10:04","level":"info","message":"OPTIONS /api/product/categories 204 0.191 ms - 0"}
{"timestamp":"2025-10-28 12:10:04","level":"info","message":"OPTIONS /api/vendor/get 204 0.211 ms - 0"}
{"timestamp":"2025-10-28 12:10:04","level":"info","message":"GET /api/vendor/get 304 426.804 ms - -"}
{"timestamp":"2025-10-28 12:10:04","level":"info","message":"GET /api/product/categories 304 762.263 ms - -"}
{"timestamp":"2025-10-28 12:10:07","level":"info","message":"GET /api/product/categories 304 673.549 ms - -"}
{"timestamp":"2025-10-28 12:10:09","level":"info","message":"GET /api/product/categories 304 914.869 ms - -"}
{"timestamp":"2025-10-28 12:11:26","level":"info","message":"OPTIONS /api/product/categories 204 0.235 ms - 0"}
{"timestamp":"2025-10-28 12:11:26","level":"info","message":"GET /api/orders/updates/vendor/eyJhbGciOiJIUzI1NiIsInR5cCI6IkpXVCJ9.eyJyb2xlIjoidmVuZG9yIiwiaWQiOjMsImlhdCI6MTc2MTU2NjA1MCwiZXhwIjoxNzYyMTcwODUwfQ.R80BNMPg-ee29MuRGM8uAh-j0aRhXjvyd76dvTwU6Sw 200 0.793 ms - -"}
{"timestamp":"2025-10-28 12:11:27","level":"info","message":"GET /api/product/categories 304 772.959 ms - -"}
{"timestamp":"2025-10-28 12:11:36","level":"info","message":"OPTIONS /api/product/categories 204 0.228 ms - 0"}
{"timestamp":"2025-10-28 12:11:36","level":"info","message":"GET /api/orders/updates/vendor/eyJhbGciOiJIUzI1NiIsInR5cCI6IkpXVCJ9.eyJyb2xlIjoidmVuZG9yIiwiaWQiOjMsImlhdCI6MTc2MTU2NjA1MCwiZXhwIjoxNzYyMTcwODUwfQ.R80BNMPg-ee29MuRGM8uAh-j0aRhXjvyd76dvTwU6Sw 200 0.799 ms - -"}
{"timestamp":"2025-10-28 12:11:37","level":"info","message":"GET /api/product/categories 304 864.722 ms - -"}
{"timestamp":"2025-10-28 12:11:46","level":"info","message":"GET /api/orders/updates/vendor/eyJhbGciOiJIUzI1NiIsInR5cCI6IkpXVCJ9.eyJyb2xlIjoidmVuZG9yIiwiaWQiOjMsImlhdCI6MTc2MTU2NjA1MCwiZXhwIjoxNzYyMTcwODUwfQ.R80BNMPg-ee29MuRGM8uAh-j0aRhXjvyd76dvTwU6Sw 200 2.951 ms - -"}
{"timestamp":"2025-10-28 12:11:51","level":"info","message":"GET /api/orders/updates/vendor/eyJhbGciOiJIUzI1NiIsInR5cCI6IkpXVCJ9.eyJyb2xlIjoidmVuZG9yIiwiaWQiOjMsImlhdCI6MTc2MTU2NjA1MCwiZXhwIjoxNzYyMTcwODUwfQ.R80BNMPg-ee29MuRGM8uAh-j0aRhXjvyd76dvTwU6Sw 200 0.631 ms - -"}
{"timestamp":"2025-10-28 12:11:54","level":"info","message":"GET /api/orders/updates/vendor/eyJhbGciOiJIUzI1NiIsInR5cCI6IkpXVCJ9.eyJyb2xlIjoidmVuZG9yIiwiaWQiOjMsImlhdCI6MTc2MTU2NjA1MCwiZXhwIjoxNzYyMTcwODUwfQ.R80BNMPg-ee29MuRGM8uAh-j0aRhXjvyd76dvTwU6Sw 200 0.732 ms - -"}
{"timestamp":"2025-10-28 12:12:01","level":"info","message":"GET /api/orders/updates/vendor/eyJhbGciOiJIUzI1NiIsInR5cCI6IkpXVCJ9.eyJyb2xlIjoidmVuZG9yIiwiaWQiOjMsImlhdCI6MTc2MTU2NjA1MCwiZXhwIjoxNzYyMTcwODUwfQ.R80BNMPg-ee29MuRGM8uAh-j0aRhXjvyd76dvTwU6Sw 200 1.146 ms - -"}
{"timestamp":"2025-10-28 12:12:03","level":"info","message":"GET /api/orders/updates/vendor/eyJhbGciOiJIUzI1NiIsInR5cCI6IkpXVCJ9.eyJyb2xlIjoidmVuZG9yIiwiaWQiOjMsImlhdCI6MTc2MTU2NjA1MCwiZXhwIjoxNzYyMTcwODUwfQ.R80BNMPg-ee29MuRGM8uAh-j0aRhXjvyd76dvTwU6Sw 200 0.543 ms - -"}
{"timestamp":"2025-10-28 12:12:03","level":"info","message":"OPTIONS /api/product/categories 204 0.208 ms - 0"}
{"timestamp":"2025-10-28 12:12:03","level":"info","message":"OPTIONS /api/vendor/get 204 0.309 ms - 0"}
{"timestamp":"2025-10-28 12:12:04","level":"info","message":"GET /api/product/categories 304 713.757 ms - -"}
{"timestamp":"2025-10-28 12:12:05","level":"info","message":"GET /api/vendor/get 304 1346.199 ms - -"}
{"timestamp":"2025-10-28 12:12:32","level":"info","message":"GET /api/orders/updates/vendor/eyJhbGciOiJIUzI1NiIsInR5cCI6IkpXVCJ9.eyJyb2xlIjoidmVuZG9yIiwiaWQiOjMsImlhdCI6MTc2MTU2NjA1MCwiZXhwIjoxNzYyMTcwODUwfQ.R80BNMPg-ee29MuRGM8uAh-j0aRhXjvyd76dvTwU6Sw 200 0.970 ms - -"}
{"timestamp":"2025-10-28 12:12:33","level":"info","message":"GET /api/orders/updates/vendor/eyJhbGciOiJIUzI1NiIsInR5cCI6IkpXVCJ9.eyJyb2xlIjoidmVuZG9yIiwiaWQiOjMsImlhdCI6MTc2MTU2NjA1MCwiZXhwIjoxNzYyMTcwODUwfQ.R80BNMPg-ee29MuRGM8uAh-j0aRhXjvyd76dvTwU6Sw 200 0.558 ms - -"}
{"timestamp":"2025-10-28 12:12:34","level":"info","message":"OPTIONS /api/vendor/get 204 0.252 ms - 0"}
{"timestamp":"2025-10-28 12:12:34","level":"info","message":"GET /api/vendor/get 304 484.145 ms - -"}
{"timestamp":"2025-10-28 12:12:53","level":"info","message":"GET /api/orders/updates/vendor/eyJhbGciOiJIUzI1NiIsInR5cCI6IkpXVCJ9.eyJyb2xlIjoidmVuZG9yIiwiaWQiOjMsImlhdCI6MTc2MTU2NjA1MCwiZXhwIjoxNzYyMTcwODUwfQ.R80BNMPg-ee29MuRGM8uAh-j0aRhXjvyd76dvTwU6Sw 200 0.814 ms - -"}
{"timestamp":"2025-10-28 12:23:25","level":"info","message":"OPTIONS /api/vendor/get 204 0.213 ms - 0"}
{"timestamp":"2025-10-28 12:23:26","level":"info","message":"GET /api/orders/updates/vendor/eyJhbGciOiJIUzI1NiIsInR5cCI6IkpXVCJ9.eyJyb2xlIjoidmVuZG9yIiwiaWQiOjMsImlhdCI6MTc2MTU2NjA1MCwiZXhwIjoxNzYyMTcwODUwfQ.R80BNMPg-ee29MuRGM8uAh-j0aRhXjvyd76dvTwU6Sw 200 0.899 ms - -"}
{"timestamp":"2025-10-28 12:23:26","level":"info","message":"GET /api/vendor/get - - ms - -"}
{"timestamp":"2025-10-28 12:23:27","level":"info","message":"GET /api/vendor/get 200 852.387 ms - 84"}
{"timestamp":"2025-10-28 12:23:35","level":"info","message":"GET /api/orders/updates/vendor/eyJhbGciOiJIUzI1NiIsInR5cCI6IkpXVCJ9.eyJyb2xlIjoidmVuZG9yIiwiaWQiOjMsImlhdCI6MTc2MTU2NjA1MCwiZXhwIjoxNzYyMTcwODUwfQ.R80BNMPg-ee29MuRGM8uAh-j0aRhXjvyd76dvTwU6Sw 200 0.905 ms - -"}
{"timestamp":"2025-10-28 12:23:36","level":"info","message":"OPTIONS /api/vendor/get 204 0.233 ms - 0"}
{"timestamp":"2025-10-28 12:23:36","level":"info","message":"GET /api/vendor/get 304 442.601 ms - -"}
{"timestamp":"2025-10-28 12:23:45","level":"info","message":"OPTIONS /api/product/categories 204 0.222 ms - 0"}
{"timestamp":"2025-10-28 12:23:46","level":"info","message":"GET /api/product/categories 304 904.619 ms - -"}
{"timestamp":"2025-10-28 12:23:47","level":"info","message":"GET /api/product/categories 304 1105.151 ms - -"}
{"timestamp":"2025-10-28 12:24:14","level":"info","message":"GET /api/orders/updates/vendor/eyJhbGciOiJIUzI1NiIsInR5cCI6IkpXVCJ9.eyJyb2xlIjoidmVuZG9yIiwiaWQiOjMsImlhdCI6MTc2MTU2NjA1MCwiZXhwIjoxNzYyMTcwODUwfQ.R80BNMPg-ee29MuRGM8uAh-j0aRhXjvyd76dvTwU6Sw 200 0.774 ms - -"}
{"timestamp":"2025-10-28 12:24:15","level":"info","message":"OPTIONS /api/product/categories 204 0.215 ms - 0"}
{"timestamp":"2025-10-28 12:24:15","level":"info","message":"OPTIONS /api/vendor/get 204 0.239 ms - 0"}
{"timestamp":"2025-10-28 12:24:16","level":"info","message":"GET /api/vendor/get 304 387.844 ms - -"}
{"timestamp":"2025-10-28 12:24:16","level":"info","message":"GET /api/product/categories 304 931.531 ms - -"}
{"timestamp":"2025-10-28 12:26:10","level":"info","message":"GET /api/orders/updates/vendor/eyJhbGciOiJIUzI1NiIsInR5cCI6IkpXVCJ9.eyJyb2xlIjoidmVuZG9yIiwiaWQiOjMsImlhdCI6MTc2MTU2NjA1MCwiZXhwIjoxNzYyMTcwODUwfQ.R80BNMPg-ee29MuRGM8uAh-j0aRhXjvyd76dvTwU6Sw 200 0.794 ms - -"}
{"timestamp":"2025-10-28 12:26:11","level":"info","message":"OPTIONS /api/vendor/get 204 0.203 ms - 0"}
{"timestamp":"2025-10-28 12:26:11","level":"info","message":"GET /api/vendor/get 304 499.874 ms - -"}
{"timestamp":"2025-10-28 12:26:14","level":"info","message":"OPTIONS /api/products/vendor 204 1.523 ms - 0"}
{"timestamp":"2025-10-28 12:26:14","level":"info","message":"GET /api/products/vendor 304 420.814 ms - -"}
{"timestamp":"2025-10-28 12:26:17","level":"info","message":"OPTIONS /api/products/product/47 204 0.286 ms - 0"}
{"timestamp":"2025-10-28 12:26:18","level":"info","message":"GET /api/products/product/47 304 1024.348 ms - -"}
{"timestamp":"2025-10-28 12:26:18","level":"info","message":"OPTIONS /api/product/categories 204 0.543 ms - 0"}
{"timestamp":"2025-10-28 12:26:19","level":"info","message":"GET /api/product/categories 304 936.332 ms - -"}
{"timestamp":"2025-10-28 12:26:22","level":"info","message":"OPTIONS /api/products/vendor 204 0.231 ms - 0"}
{"timestamp":"2025-10-28 12:26:22","level":"info","message":"OPTIONS /api/products/product/47 204 0.506 ms - 0"}
{"timestamp":"2025-10-28 12:26:22","level":"info","message":"GET /api/products/vendor 304 575.984 ms - -"}
{"timestamp":"2025-10-28 12:26:23","level":"info","message":"GET /api/products/product/47 304 767.538 ms - -"}
{"timestamp":"2025-10-28 12:26:23","level":"info","message":"OPTIONS /api/product/categories 204 0.664 ms - 0"}
{"timestamp":"2025-10-28 12:26:24","level":"info","message":"GET /api/product/categories 304 899.195 ms - -"}
{"timestamp":"2025-10-28 12:26:39","level":"info","message":"OPTIONS /api/products/vendor 204 0.189 ms - 0"}
{"timestamp":"2025-10-28 12:26:39","level":"info","message":"GET /api/products/vendor 304 423.529 ms - -"}
{"timestamp":"2025-10-28 12:26:39","level":"info","message":"OPTIONS /api/products/product/47 204 0.237 ms - 0"}
{"timestamp":"2025-10-28 12:26:40","level":"info","message":"GET /api/products/product/47 304 845.140 ms - -"}
{"timestamp":"2025-10-28 12:26:40","level":"info","message":"OPTIONS /api/product/categories 204 0.845 ms - 0"}
{"timestamp":"2025-10-28 12:26:41","level":"info","message":"GET /api/product/categories 304 594.603 ms - -"}
{"timestamp":"2025-10-28 12:26:41","level":"info","message":"GET /api/products/vendor 304 311.460 ms - -"}
{"timestamp":"2025-10-28 12:26:42","level":"info","message":"GET /api/products/product/47 304 600.858 ms - -"}
{"timestamp":"2025-10-28 12:26:43","level":"info","message":"GET /api/products/vendor 304 494.380 ms - -"}
{"timestamp":"2025-10-28 12:26:43","level":"info","message":"GET /api/product/categories 304 662.908 ms - -"}
{"timestamp":"2025-10-28 12:26:44","level":"info","message":"GET /api/products/vendor 304 346.743 ms - -"}
{"timestamp":"2025-10-28 12:26:44","level":"info","message":"GET /api/products/product/47 304 1319.602 ms - -"}
{"timestamp":"2025-10-28 12:26:44","level":"info","message":"GET /api/orders/updates/vendor/eyJhbGciOiJIUzI1NiIsInR5cCI6IkpXVCJ9.eyJyb2xlIjoidmVuZG9yIiwiaWQiOjMsImlhdCI6MTc2MTU2NjA1MCwiZXhwIjoxNzYyMTcwODUwfQ.R80BNMPg-ee29MuRGM8uAh-j0aRhXjvyd76dvTwU6Sw 200 0.786 ms - -"}
{"timestamp":"2025-10-28 12:26:44","level":"info","message":"GET /api/product/categories - - ms - -"}
{"timestamp":"2025-10-28 12:26:44","level":"info","message":"GET /api/products/product/47 - - ms - -"}
{"timestamp":"2025-10-28 12:26:45","level":"info","message":"OPTIONS /api/products/product/47 204 0.281 ms - 0"}
{"timestamp":"2025-10-28 12:26:45","level":"info","message":"OPTIONS /api/vendor/get 204 0.204 ms - 0"}
{"timestamp":"2025-10-28 12:26:47","level":"info","message":"GET /api/orders/updates/vendor/eyJhbGciOiJIUzI1NiIsInR5cCI6IkpXVCJ9.eyJyb2xlIjoidmVuZG9yIiwiaWQiOjMsImlhdCI6MTc2MTU2NjA1MCwiZXhwIjoxNzYyMTcwODUwfQ.R80BNMPg-ee29MuRGM8uAh-j0aRhXjvyd76dvTwU6Sw 200 0.757 ms - -"}
{"timestamp":"2025-10-28 12:26:47","level":"info","message":"GET /api/products/product/47 - - ms - -"}
{"timestamp":"2025-10-28 12:26:47","level":"info","message":"GET /api/vendor/get - - ms - -"}
{"timestamp":"2025-10-28 12:26:48","level":"info","message":"GET /api/vendor/get 200 324.566 ms - 84"}
{"timestamp":"2025-10-28 12:26:48","level":"info","message":"GET /api/products/product/47 200 697.482 ms - 810"}
{"timestamp":"2025-10-28 12:26:48","level":"info","message":"OPTIONS /api/product/categories 204 0.386 ms - 0"}
{"timestamp":"2025-10-28 12:26:49","level":"info","message":"GET /api/product/categories 200 724.690 ms - 474"}
{"timestamp":"2025-10-28 12:26:54","level":"info","message":"OPTIONS /api/products/vendor 204 0.391 ms - 0"}
{"timestamp":"2025-10-28 12:26:55","level":"info","message":"GET /api/products/vendor 304 348.485 ms - -"}
{"timestamp":"2025-10-28 12:26:55","level":"info","message":"OPTIONS /api/products/product/47 204 0.363 ms - 0"}
{"timestamp":"2025-10-28 12:26:56","level":"info","message":"GET /api/products/product/47 304 720.864 ms - -"}
{"timestamp":"2025-10-28 12:26:56","level":"info","message":"OPTIONS /api/product/categories 204 0.766 ms - 0"}
{"timestamp":"2025-10-28 12:26:57","level":"info","message":"GET /api/product/categories 304 702.798 ms - -"}
{"timestamp":"2025-10-28 12:28:25","level":"info","message":"GET /api/orders/updates/vendor/eyJhbGciOiJIUzI1NiIsInR5cCI6IkpXVCJ9.eyJyb2xlIjoidmVuZG9yIiwiaWQiOjMsImlhdCI6MTc2MTU2NjA1MCwiZXhwIjoxNzYyMTcwODUwfQ.R80BNMPg-ee29MuRGM8uAh-j0aRhXjvyd76dvTwU6Sw 200 0.779 ms - -"}
{"timestamp":"2025-10-28 12:28:27","level":"info","message":"OPTIONS /api/products/product/47 204 0.190 ms - 0"}
{"timestamp":"2025-10-28 12:28:27","level":"info","message":"OPTIONS /api/vendor/get 204 0.201 ms - 0"}
{"timestamp":"2025-10-28 12:28:28","level":"info","message":"GET /api/vendor/get 304 432.032 ms - -"}
{"timestamp":"2025-10-28 12:28:29","level":"info","message":"GET /api/products/product/47 304 1576.197 ms - -"}
{"timestamp":"2025-10-28 12:28:29","level":"info","message":"OPTIONS /api/product/categories 204 0.222 ms - 0"}
{"timestamp":"2025-10-28 12:28:30","level":"info","message":"GET /api/product/categories 304 820.742 ms - -"}
{"timestamp":"2025-10-28 12:28:30","level":"info","message":"GET /api/products/product/47 304 703.344 ms - -"}
{"timestamp":"2025-10-28 12:28:31","level":"info","message":"GET /api/product/categories 304 709.989 ms - -"}
{"timestamp":"2025-10-28 12:28:31","level":"info","message":"OPTIONS /api/products/vendor 204 0.633 ms - 0"}
{"timestamp":"2025-10-28 12:28:32","level":"info","message":"GET /api/products/vendor 304 366.893 ms - -"}
{"timestamp":"2025-10-28 12:28:33","level":"info","message":"GET /api/products/product/47 304 976.689 ms - -"}
{"timestamp":"2025-10-28 12:28:34","level":"info","message":"GET /api/product/categories 304 953.513 ms - -"}
{"timestamp":"2025-10-28 12:28:37","level":"info","message":"OPTIONS /api/products/vendor 204 0.210 ms - 0"}
{"timestamp":"2025-10-28 12:28:37","level":"info","message":"GET /api/products/vendor 304 476.563 ms - -"}
{"timestamp":"2025-10-28 12:28:37","level":"info","message":"OPTIONS /api/products/product/47 204 0.180 ms - 0"}
{"timestamp":"2025-10-28 12:28:38","level":"info","message":"GET /api/products/product/47 304 730.546 ms - -"}
{"timestamp":"2025-10-28 12:28:38","level":"info","message":"OPTIONS /api/product/categories 204 0.709 ms - 0"}
{"timestamp":"2025-10-28 12:28:39","level":"info","message":"GET /api/product/categories 304 727.808 ms - -"}
{"timestamp":"2025-10-28 12:29:26","level":"info","message":"OPTIONS /api/products/product/47 204 0.185 ms - 0"}
{"timestamp":"2025-10-28 12:29:27","level":"info","message":"GET /api/products/product/47 304 997.025 ms - -"}
{"timestamp":"2025-10-28 12:29:27","level":"info","message":"OPTIONS /api/product/categories 204 0.446 ms - 0"}
{"timestamp":"2025-10-28 12:29:28","level":"info","message":"GET /api/product/categories 304 700.050 ms - -"}
{"timestamp":"2025-10-28 12:29:47","level":"info","message":"OPTIONS /api/products/product/47 204 0.195 ms - 0"}
{"timestamp":"2025-10-28 12:29:48","level":"info","message":"GET /api/products/product/47 304 1169.906 ms - -"}
{"timestamp":"2025-10-28 12:29:48","level":"info","message":"OPTIONS /api/product/categories 204 1.657 ms - 0"}
{"timestamp":"2025-10-28 12:29:49","level":"info","message":"GET /api/product/categories 304 930.777 ms - -"}
{"timestamp":"2025-10-28 12:29:50","level":"info","message":"GET /api/products/product/47 304 776.617 ms - -"}
{"timestamp":"2025-10-28 12:29:51","level":"info","message":"GET /api/product/categories 304 965.788 ms - -"}
{"timestamp":"2025-10-28 12:30:24","level":"info","message":"OPTIONS /api/products/product/47 204 0.188 ms - 0"}
{"timestamp":"2025-10-28 12:30:26","level":"info","message":"GET /api/products/product/47 304 2636.033 ms - -"}
{"timestamp":"2025-10-28 12:30:26","level":"info","message":"OPTIONS /api/product/categories 204 0.489 ms - 0"}
{"timestamp":"2025-10-28 12:30:28","level":"info","message":"GET /api/product/categories 304 1467.362 ms - -"}
{"timestamp":"2025-10-28 12:30:31","level":"info","message":"OPTIONS /api/products/vendor 204 0.238 ms - 0"}
{"timestamp":"2025-10-28 12:30:31","level":"info","message":"GET /api/products/vendor 304 386.019 ms - -"}
{"timestamp":"2025-10-28 12:30:32","level":"info","message":"OPTIONS /api/products/product/47 204 0.226 ms - 0"}
{"timestamp":"2025-10-28 12:30:33","level":"info","message":"GET /api/products/product/47 304 893.452 ms - -"}
{"timestamp":"2025-10-28 12:30:33","level":"info","message":"OPTIONS /api/product/categories 204 0.865 ms - 0"}
{"timestamp":"2025-10-28 12:30:33","level":"info","message":"GET /api/products/vendor 304 449.726 ms - -"}
{"timestamp":"2025-10-28 12:30:34","level":"info","message":"GET /api/product/categories 304 1032.396 ms - -"}
{"timestamp":"2025-10-28 12:30:36","level":"info","message":"GET /api/product/categories 304 980.198 ms - -"}
{"timestamp":"2025-10-28 13:01:48","level":"info","message":"OPTIONS /api/orders/vendor 204 0.282 ms - 0"}
{"timestamp":"2025-10-28 13:01:48","level":"info","message":"OPTIONS /api/vendor/get 204 0.228 ms - 0"}
{"timestamp":"2025-10-28 13:01:49","level":"info","message":"GET /api/vendor/get 304 997.549 ms - -"}
{"timestamp":"2025-10-28 13:01:49","level":"info","message":"GET /api/orders/vendor 200 1416.957 ms - 27621"}
{"timestamp":"2025-10-28 13:01:51","level":"info","message":"GET /api/vendor/get-sales?sortBy=unitsSold 401 6.681 ms - 43"}
{"timestamp":"2025-10-28 13:01:51","level":"info","message":"GET /favicon.ico 404 2.013 ms - 150"}
